accel_x,accel_y,fsr_1,gyro_z,fsr_3,fsr_2,ultrasonic_1,ultrasonic_2,ultrasonic_3,gyro_x,accel_z,gyro_y,ultrasonic_4
-6296,-24,45131,-674,43034,41114,2307.337,1208.677,2314.124,5242,17712,133,1209.21
-6324,32,44842,-649,43242,41210,6.460481,1208.78,2309.725,5232,17568,108,1209.261
-6332,68,45147,-645,43098,41146,2303.917,1208.746,2309.845,5243,17520,85,1209.622
-6428,88,45179,-643,42874,41162,2303.574,1208.763,2310.017,5230,17600,199,1209.433
-6344,32,45179,-648,43274,40713,2303.969,1208.677,2309.519,5262,17620,120,1209.863
-6416,84,45163,-727,43226,41226,2304.158,1208.814,2309.33,5248,17592,110,1210.034
-6384,36,45243,-656,43162,41130,2303.694,1208.711,2309.708,5235,17652,150,1209.605
-6372,12,45211,-714,43258,41226,2303.66,1208.814,2308.625,5225,17752,132,1209.467
-6420,8,40745,-489,34936,40313,2304.072,1208.729,2308.746,5224,17760,-61,1209.467
-6168,-68,37401,-1148,45050,41786,2303.694,1208.694,2308.814,5210,17776,-29,1209.536
-6252,-24,39177,-761,43258,41178,2302.886,1208.746,2308.265,5149,17800,-31,1209.484
-6236,-400,44650,-470,33816,29767,2303.694,1208.849,2307.972,5670,17724,-276,1209.656
-6272,8,45579,-472,33400,34568,2302.938,1208.78,2308.247,5204,17564,-28,1209.433
-6392,188,46235,-719,33944,33496,2303.213,1208.746,2307.491,5179,17732,192,1209.347
-6528,152,46283,-649,33544,33272,2303.711,1208.729,2308.333,5279,17556,158,1209.519
-6084,96,46347,-718,24165,23589,2303.316,1208.849,2308.316,5248,17876,-102,1209.502
-6616,36,47403,-224,20196,26534,2303.213,1208.797,2307.646,5135,17788,223,1209.605
-6400,192,48875,-491,26998,20581,2303.265,1208.746,2308.076,5221,17744,42,1209.433
-6448,320,43930,-318,34792,32167,2303.247,1208.694,2308.024,5251,17588,62,1209.433
-6316,120,44986,-473,37593,30743,2303.11,1208.574,2307.663,5088,17684,168,1209.364
-6464,60,46715,-705,33208,31159,2303.351,1208.746,2307.457,5271,17616,207,1209.484
-6340,-64,46699,-960,33496,29847,2302.99,1208.763,2308.024,5425,17540,159,1209.605
-6572,52,45115,-645,41338,28166,2302.818,1208.643,7.972508,5261,17808,-35,1209.519
-6516,-60,43546,-1105,38745,23317,2303.866,1208.78,2307.165,5379,17748,370,1209.484
-6008,-40,47371,-328,16468,11218,2303.333,1208.814,2306.993,5784,17604,451,1209.502
-6464,508,45835,-313,17108,13075,2303.471,1208.66,2307.268,5111,17484,-146,1209.364
-6860,932,45995,-1204,13939,16307,2303.505,1208.849,2306.89,5384,17404,-135,1209.364
-6624,740,47163,-666,17140,17140,2303.007,1208.643,2307.457,5150,17404,130,1209.261
-6520,716,48763,-734,17588,16179,2303.024,1208.763,2307.543,5328,17588,377,1209.399
-6984,800,48411,-682,19572,18340,2303.076,1208.746,2307.698,5226,17264,49,1209.296
-6720,708,48907,-719,20228,19796,2303.196,1208.711,2306.856,5236,17480,-63,1209.313
-6504,532,48987,-686,21765,19748,2303.179,1208.797,2307.234,5275,17532,303,1209.21
-6492,544,49276,-732,22773,18548,2303.643,1208.797,2307.577,5233,17764,155,1209.227
-6512,620,49260,-678,22901,18580,2303.282,1208.677,2307.423,5263,17560,108,1209.519
-6532,616,49436,-661,22261,18388,2302.904,1208.711,2306.907,5248,17452,117,1209.467
-6652,692,49324,-669,22773,18692,2303.402,1208.729,2307.251,5243,17676,152,1209.553
-6564,688,49051,-656,22709,17412,2303.196,1208.711,2307.337,5266,17476,170,1209.484
-6576,520,48683,-636,23189,18116,2303.024,1208.746,2306.649,5250,17908,150,1209.399
-6580,684,48699,-740,23413,19476,2303.282,1208.729,2306.134,5207,17456,69,1209.278
-6648,684,48859,-680,23237,19684,2303.368,1208.677,2307.096,5267,17592,117,1209.45
-6568,636,48891,-677,23301,18244,2302.955,1208.677,2306.443,5262,17668,147,1209.519
-6596,636,49308,-676,22277,18692,2303.643,1208.797,2306.478,5264,17572,152,1209.588
-6628,676,49147,-680,22709,19956,2303.213,1208.66,2306.942,5301,17472,280,1209.416
-6716,672,49404,-661,22421,20148,2303.247,1208.625,2306.563,5195,17592,62,1209.399
-6780,628,49340,-632,22949,19764,2303.625,1208.643,2306.993,5241,17468,90,1209.21
-6572,696,49420,-697,22789,20228,2303.23,1208.677,2306.392,5208,17396,99,1209.33
-6704,628,49404,-685,22421,20420,2303.024,1208.711,2306.512,5226,17696,88,1209.399
-6608,648,49003,-656,23061,19956,2303.247,1208.814,2305.687,5247,17540,37,1209.416
-6956,724,49083,-595,22949,20324,2302.698,1208.763,2307.371,5304,17612,224,1209.33
-6632,720,49420,-674,23301,20244,2303.282,1208.711,2306.168,5274,17384,128,1209.519
-6668,672,49340,-675,23301,20533,2303.746,1208.711,2306.1,5248,17564,180,1209.536
-6712,764,49340,-681,24117,20773,2303.144,1208.814,2306.804,5222,17508,86,1209.519
-6676,764,49115,-697,23445,20677,2303.23,1208.9,2305.894,5253,17560,113,1209.467
-6652,760,49372,-732,23381,21093,2302.955,1208.78,2306.924,5239,17444,111,1209.484
-6696,696,49099,-660,23413,21173,2303.351,1208.746,2308.179,5243,17508,77,1209.227
-6704,692,49067,-666,23797,21253,2303.78,1208.832,2306.563,5243,17472,83,1209.399
-6640,776,48859,-666,23701,21077,2303.917,1208.763,2306.168,5238,17524,126,1209.605
-6652,724,49083,-687,23845,20084,2303.832,1208.935,2306.22,5250,17512,132,1209.467
-6744,772,48907,-657,24133,19716,2302.732,1208.969,2305.601,5248,17424,77,1209.536
-6580,756,48747,-652,24742,20228,2303.54,1208.694,2307.68,5225,17372,86,1209.605
-6400,664,48699,-699,24421,20452,2302.732,1208.814,2306.323,5253,17560,28,1209.656
-6716,696,48763,-653,23717,19428,2302.972,1208.78,2305.756,5223,17460,112,1209.313
-6700,672,47883,-746,24533,19540,2303.333,1208.832,2306.289,5227,17324,79,1209.416
-6712,764,48251,-707,24405,19636,2302.68,1208.557,2307.526,5209,17444,103,1209.691
-6716,752,48507,-688,24950,19924,2302.646,1208.832,2306.271,5259,17440,152,1209.484
-6680,792,48395,-640,24806,20565,2302.921,1208.883,2306.478,5251,17392,170,1209.622
-6724,652,48395,-696,24854,20981,2302.715,1208.746,2307.268,5321,17496,150,1209.553
-6712,600,48571,-675,25318,21925,2303.316,1208.729,2306.907,5259,17468,123,1209.553
-6752,776,48315,-617,25350,21781,2303.436,1208.677,2306.924,5260,17552,114,1209.553
-6704,644,48907,-654,25606,20885,2302.732,1208.935,2307.457,5225,17512,125,1209.467
-6668,684,48203,-667,24950,21269,2302.457,1208.78,2306.289,5218,17540,84,1209.416
-6712,712,48475,-640,24886,21813,2303.024,1208.883,2305.808,5222,17572,54,1209.278
-6572,748,48603,-672,24838,21509,2303.144,1208.711,2305.773,5247,17636,65,1209.278
-6712,740,48427,-669,25574,21253,2303.11,1208.677,2305.601,5268,17624,123,1209.33
-6736,612,48411,-676,25350,21525,2303.488,1208.729,2305.464,5254,17556,130,1209.416
-6700,688,48379,-675,25110,21509,2303.316,1208.625,2307.062,5253,17296,115,1209.33
-6760,708,48507,-696,25270,21429,2303.11,1208.78,2306.615,5206,17512,124,1209.347
-6772,876,48491,-683,25542,21365,2303.488,1208.66,2306.271,5225,17384,224,1209.399
-6652,756,48571,-668,25606,21957,2303.093,1208.591,2307.01,5263,17588,118,1209.605
-6724,692,48587,-667,25366,21589,2303.196,1208.574,2306.701,5225,17624,76,1209.588
-6776,696,48635,-673,25510,22117,2302.56,1208.849,2306.443,5233,17432,90,1209.502
-6596,660,48555,-652,25654,22325,2302.663,1208.677,2307.199,5254,17632,138,1209.433
-6700,832,48571,-667,25366,22261,2302.886,1208.78,2306.976,5260,17412,97,1209.502
-6668,764,48731,-688,24325,20981,2303.058,1208.729,2306.89,5242,17596,120,1209.399
-6632,744,48699,-673,25270,21829,2302.594,1208.66,2307.423,5263,17524,176,1209.399
-6720,728,48667,-648,25110,21909,2302.869,1208.866,2306.804,5229,17624,126,1209.502
-6636,672,48699,-668,24918,21941,2303.127,1208.66,2306.271,5226,17516,132,1209.467
-6600,644,48747,-689,25046,21781,2302.732,1208.711,2306.976,5246,17440,147,1209.639
-6748,636,48747,-689,24886,21557,2302.766,1208.694,2306.512,5260,17652,154,1209.622
-6676,732,48299,-661,24758,21765,2302.869,1208.797,2306.529,5230,17304,83,1209.416
-6660,656,48443,-644,25030,21461,2302.99,1208.814,2306.581,5248,17428,160,1209.416
-6636,744,48235,-679,24982,21765,2303.024,1208.66,2305.911,5226,17652,104,1209.45
-6712,712,48395,-640,24886,22021,2302.852,1208.694,2306.529,5212,17528,174,1209.502
-6676,712,48619,-630,25542,22005,2302.801,1208.522,2306.546,5267,17452,129,1209.519
-6724,680,47883,-680,25398,22021,2302.526,1208.643,2306.048,5214,17400,109,1209.484
-6672,756,47995,-710,24918,22181,2302.955,1208.711,2306.117,5239,17604,41,1209.656
-6724,756,48091,-666,25350,22453,2302.302,1208.643,2307.302,5232,17560,140,1209.691
-6700,620,47979,-621,25430,22581,2302.766,1208.66,2306.237,5289,17436,190,1209.622
-6744,676,48059,-700,25158,23765,2302.646,1208.591,2306.718,5264,17444,112,1209.484
-6704,744,48347,-759,24998,22613,2302.835,1208.729,2307.234,5256,17512,114,1209.261
-6652,744,48363,-642,25110,22629,2302.835,1208.763,2306.375,5270,17356,65,1209.467
-6552,600,48139,-638,23765,23813,2302.835,1208.711,2306.581,5183,17588,-110,1209.45
-6732,856,48923,-723,26950,20517,2302.234,1208.66,2307.234,5319,17556,82,1209.536
-6676,680,49324,-677,26854,20468,2302.766,1208.677,2306.907,5252,17500,216,1209.553
-6712,708,49420,-653,27142,21285,2303.402,1208.574,2306.237,5262,17436,163,1209.45
-6700,684,49516,-672,27222,21749,2302.972,1208.591,2306.77,5229,17592,128,1209.811
-6676,732,49420,-695,27094,21557,2302.801,1208.522,2306.667,5247,17368,121,1209.519
-6696,800,49452,-677,27190,21925,2303.196,1208.746,2306.031,5222,17540,66,1209.622
-6760,708,49980,-663,27110,22197,2302.096,1208.729,2307.217,5250,17500,103,1209.605
-6688,640,49772,-689,27254,22421,2302.732,1208.66,2307.234,5270,17448,162,1209.708
-6736,836,49724,-673,27398,22613,2302.715,1208.677,2306.718,5294,17528,130,1209.484
-6744,724,49772,-701,26678,22453,2302.285,1208.78,2307.096,5239,17392,71,1209.588
-6772,656,49932,-679,26726,22773,2302.732,1208.677,2306.924,5212,17468,92,1209.433
-6644,700,49564,-668,26886,22789,2302.698,1208.574,2306.976,5244,17476,125,1209.467
-6648,728,49868,-688,27126,23061,2302.113,1208.643,2308.127,5222,17612,105,1209.467
-6692,704,49660,-675,26918,23253,2302.577,1208.625,2307.801,5250,17472,124,1209.467
-6668,684,49772,-642,26998,23253,2302.783,1208.608,2307.594,5263,17612,88,1209.536
-6400,736,49580,-711,27094,23189,2302.285,1208.608,2307.577,5289,17544,100,1209.622
-6624,620,49916,-644,26102,22629,2302.423,1208.557,2307.045,5313,17472,118,1209.656
-6728,728,49372,-647,26582,23813,2301.77,1208.505,2306.993,5229,17576,120,1209.708
-6564,804,49484,-663,26630,23573,2301.821,1208.454,2306.787,5250,17440,211,1209.759
-6720,688,49452,-686,26630,23781,2302.285,1208.54,2306.838,5231,17572,63,1209.519
-6668,672,49500,-676,26662,24085,2302.509,1208.505,2306.495,5260,17472,134,1209.588
-6700,692,49420,-692,27078,24229,2302.423,1208.471,2306.821,5200,17540,-24,1209.347
-6732,704,49436,-680,27302,24213,2302.045,1208.591,2306.615,5232,17560,165,1209.433
-6704,728,49420,-670,27382,24309,2302.646,1208.505,2306.924,5227,17504,48,1209.57
-6688,736,49468,-688,27446,24069,2301.323,1208.625,2307.027,5231,17540,126,1209.502
-6716,792,49580,-697,26742,24293,2301.701,1208.591,2307.01,5257,17528,123,1209.708
-6744,676,49644,-684,27062,24149,2301.924,1208.66,2306.237,5221,17464,95,1209.759
-6620,756,49628,-679,27158,24325,2301.615,1208.677,2306.804,5204,17604,124,1209.416
-6668,816,49628,-670,27046,24165,2302.302,1208.625,2308.179,5255,17404,136,1209.553
-6708,764,49644,-633,27318,24197,2302.027,1208.694,2306.254,5239,17352,127,1209.605
-6688,736,49596,-664,27254,24277,2302.783,1208.608,2306.46,5262,17468,66,1209.553
-6400,744,49676,-691,27446,24726,2302.079,1208.505,2305.928,5241,17544,80,1209.502
-6720,660,49724,-635,27510,24245,2302.543,1204.622,2306.357,5263,17472,84,1209.364
-6716,724,49724,-651,27510,24373,2302.388,1208.522,2307.113,5228,17444,124,1209.553
-6684,672,49692,-655,27654,24341,2302.131,1208.677,2305.894,5275,17512,118,1209.467
-6652,688,49820,-655,27670,24229,2301.942,1208.78,2306.478,5239,17584,98,1209.33
-6684,704,49916,-682,27606,24325,2302.096,1208.54,2307.062,5244,17572,136,1209.467
-6604,696,49660,-678,26902,23605,2301.735,1208.54,2306.838,5254,17508,149,1209.347
-6652,716,49788,-653,27190,22789,2301.512,1208.454,2307.113,5304,17416,213,1209.364
-6776,716,49580,-666,27606,23829,2301.718,1208.436,2307.594,5237,17496,137,1209.347
-6660,660,49676,-674,27622,24229,2302.01,1208.505,2306.976,5206,17524,134,1209.278
-6740,592,49692,-687,27398,23861,2302.302,1208.522,2307.165,5256,17532,49,1209.364
-6684,700,49131,-594,23845,25318,2302.251,1208.711,2307.474,5165,17508,130,1209.399
-6588,876,49340,-771,23317,23509,2301.804,1208.591,2306.581,5389,17532,271,1209.467
-6604,640,50076,-631,25462,24213,2302.199,1208.591,2306.838,5266,17572,247,1209.364
-6400,728,50300,-671,25526,23829,2301.375,1208.591,2307.337,5265,17516,101,1209.313
-6684,840,50220,-651,25766,24117,2302.388,1208.54,2306.632,5241,17492,112,1209.433
-6708,712,50412,-712,25686,24774,2302.079,1208.849,2307.388,5265,17488,150,1209.416
-6724,764,50188,-670,26150,24998,2302.199,1208.574,2308.368,5229,17620,120,1209.296
-6740,704,50188,-682,26150,25078,2302.44,1208.574,2306.924,5265,17524,119,1209.399
-6708,752,50172,-667,26102,24806,2302.388,1208.574,2307.165,5271,17636,221,1209.467
-6632,828,49996,-673,25318,23413,2301.787,1208.505,2307.766,5263,17596,73,1209.519
-6640,768,46699,-650,25238,25398,2302.027,1208.522,2307.68,5207,17540,123,1209.502
-6508,728,46971,-658,25094,25782,2301.89,1208.402,2307.062,5229,17572,100,1209.278
-6620,688,47211,-658,25398,25974,2301.924,1208.505,2307.852,5245,17492,77,1209.244
-6596,744,47387,-694,25606,25270,2301.976,1208.471,2307.113,5262,17508,153,1209.313
-6584,692,47915,-727,26038,24822,2302.302,1208.557,2306.787,5207,17536,111,1209.141
-6724,724,48251,-649,26582,25846,2301.254,1208.643,2307.766,5203,17564,213,1209.399
-6644,772,48379,-640,26454,25974,2302.251,1208.574,2307.131,5207,17476,76,1209.347
-6716,740,48379,-689,26630,26054,2302.217,1208.557,2306.701,5244,17548,85,1209.484
-6712,796,48395,-641,26454,26166,2301.821,1208.66,2307.251,5227,17624,116,1209.296
-6620,672,48315,-663,24533,26614,2301.838,1208.746,2306.254,5269,17516,146,1209.364
-6504,724,48411,-1715,25302,18900,2302.199,1208.505,2305.567,5759,17676,44,1209.399
-6636,856,48619,-1026,27382,19476,2301.976,1208.66,2307.44,5362,17472,108,1209.399
-6692,664,48843,-684,26950,20837,2302.027,1208.625,2307.217,5287,17556,139,1209.484
-6672,744,48939,-700,27814,21221,2302.113,1208.66,2306.959,5218,17548,69,1209.433
-6760,720,48955,-684,28006,21461,2302.027,1208.591,2307.423,5261,17436,169,1209.381
-6664,784,46523,-586,25814,21013,2301.976,1208.54,2306.924,5228,17640,-241,1209.364
-6584,832,47659,-661,23477,19412,2301.77,1208.557,2306.667,5203,17500,13,1209.484
-6716,828,48395,-665,26998,20885,2302.01,1208.591,2307.165,5124,17376,72,1209.502
-6584,684,48667,-692,23381,21221,2302.027,1208.54,2306.495,5199,17420,41,1209.416
-6628,672,49099,-722,21525,12691,2302.113,1208.608,2307.182,5182,17408,178,1209.536
-6800,716,47995,-628,25798,14595,2301.821,1208.505,2306.976,5235,17480,125,1209.484
-6860,752,49980,-792,15187,16500,2301.838,1208.557,2306.271,5245,17600,342,1209.433
-6668,652,50188,-733,15107,16868,2302.56,1208.557,2307.217,5332,17484,96,1209.399
-6776,688,50460,-694,17252,16884,2302.285,1208.643,2307.354,5245,17468,85,1209.313
-6580,652,48907,-678,7281,1248,5.72165,1208.677,2305.79,5260,17512,168,1209.21
-6528,500,47483,-656,5361,0,2301.821,11.09966,2305.842,5217,17552,382,1209.296
-6604,604,48411,-679,9634,15603,2302.045,10.2921,2306.134,5227,17536,117,1209.381
-6668,564,48907,-713,13155,17956,6.752577,1208.591,2306.134,5254,17504,83,1209.45
-6616,584,49932,-711,15363,18212,2302.354,1208.557,2306.375,5243,17616,124,1209.484
-6632,608,50188,-653,16948,18900,2301.237,1208.54,2306.323,5235,17524,102,1209.759
-6684,716,50188,-671,15859,18724,2301.357,1208.522,2306.409,5252,17484,114,1209.828
-6736,628,50444,-663,16532,19204,2301.89,7.714777,2305.894,5319,17460,181,1209.725
-6868,684,50620,-686,17012,19316,2301.752,1208.66,2306.254,5272,17420,176,1209.33
-6808,680,50556,-662,17348,19124,2301.752,1208.608,2306.838,5237,17452,100,1209.433
-6744,744,50764,-685,17412,19316,2301.993,1208.505,2305.859,5226,17708,117,1209.244
-6728,712,50748,-667,17636,18340,2302.045,1208.591,2306.821,5183,17608,59,1209.313
-6800,808,50716,-672,17524,18484,2301.821,1208.557,2306.203,5212,17496,24,1209.33
-6720,576,50636,-630,17668,19204,2301.942,1208.419,2305.601,5242,17368,115,1209.399
-6840,760,50556,-675,17668,19108,2301.873,1208.471,2306.168,5258,17372,18,1209.399
-6808,748,50668,-690,17012,19220,2301.529,1208.522,2305.876,5249,17596,98,1209.467
-6708,720,50540,-673,16596,18100,2301.615,1208.505,2305.189,5248,17452,140,1209.416
-6848,608,50652,-686,16692,17908,2301.443,1208.643,2306.203,5250,17448,151,1209.416
-6788,632,50652,-688,17156,18180,2302.234,1208.643,2306.77,5231,17480,79,1209.519
-6840,548,50716,-679,17380,18484,2302.663,1208.557,2305.945,5252,17440,116,1209.381
-6720,556,50444,-667,17396,18756,2301.065,1208.454,2306.375,5288,17556,66,1209.33
-6732,600,49852,-675,18180,18532,2301.478,1208.591,2304.983,5233,17484,128,1209.296
-6772,632,49932,-672,18452,18532,2301.959,8.195876,2304.811,5256,17388,134,1209.502
-6812,572,49980,-673,18260,19108,2301.375,6.391753,2305.052,5249,17492,115,1209.296
-6876,516,49996,-714,18756,19444,2301.529,1208.625,2304.588,5252,17464,108,1209.416
-6792,688,50172,-666,19428,18772,2301.752,6.993127,2304.502,5294,17512,186,1209.502
-6792,544,50204,-695,19812,19204,2301.409,6.443299,2304.295,5218,17408,77,1209.45
-6860,612,50332,-673,20116,18964,2301.632,1208.694,2304.209,5249,17452,160,1209.261
-6832,588,50700,-698,20468,18260,2301.667,1208.711,2304.055,5265,17292,172,1209.227
-6796,576,50620,-701,20052,18196,2301.323,1208.574,2304.725,5244,17532,144,1209.244
-7068,476,50780,-429,20340,18708,2300.894,1208.574,2304.433,5377,16720,543,1209.399
-6944,620,50524,-694,20821,18724,2301.546,1208.78,2304.622,5232,17400,90,1209.175
-6832,652,50956,-693,20757,19204,2300.773,1208.574,2305.206,5225,17456,80,1209.278
-6768,480,50684,-683,20741,19044,2301.1,1208.54,2304.399,5188,17240,55,1209.313
-6864,644,50844,-692,20949,19172,2301.426,1208.574,2304.45,5267,17492,146,1209.33
-6844,584,50604,-700,21093,19204,2301.546,1208.643,2305.172,5309,17508,136,1209.536
-6848,564,50940,-715,21077,18852,2301.563,1208.625,2304.948,5248,17396,109,1209.278
-6888,656,50940,-681,21749,19668,2301.409,1208.608,2304.553,5239,17364,110,1209.364
-6920,736,50732,-763,22021,19156,2301.581,1208.66,2305.395,5296,17216,139,1209.347
-6860,568,50860,-647,22389,19028,2301.254,1208.677,2304.639,5293,17428,169,1209.433
-7012,608,50428,-662,23045,20693,2302.285,1208.729,2305.137,5235,17396,143,1209.33
-7052,692,50460,-674,23061,21669,2301.735,1208.625,2305.0,5211,17428,184,1209.33
-6932,612,50540,-629,23781,22309,2301.787,1208.608,2304.485,5210,17480,163,1209.33
-6884,580,50540,-684,23765,22101,2302.234,1208.557,2304.828,5240,17332,85,1209.347
-6912,628,50492,-667,23301,21989,2301.77,1208.711,2305.481,5270,17384,158,1209.227
-6952,528,50556,-678,23701,22245,2301.083,1208.711,2304.467,5227,17348,110,1209.519
-7036,672,50492,-639,23813,22453,2302.388,1208.608,2304.502,5229,17424,149,1209.45
-6920,500,50636,-704,23925,22341,2301.546,1208.711,2305.412,5262,17432,85,1209.381
-6880,640,50668,-678,23813,22005,2301.821,1208.677,2304.725,5250,17260,141,1209.347
-6892,592,50620,-686,24021,22533,2301.873,1208.746,2304.708,5216,17504,85,1209.399
-6932,548,50732,-696,22389,21733,2300.911,1208.711,2304.931,5204,17488,31,1209.296
-6876,592,51100,-641,22789,21093,2302.182,1208.832,2304.674,5250,17428,128,1209.278
-6896,556,50476,-682,26038,21253,2302.165,1208.729,2304.674,5308,17300,276,1209.244
-6784,540,50876,-713,15347,15667,2301.649,1208.591,2305.24,5361,17572,216,1209.364
-6528,296,51484,-784,19156,17460,2301.426,1208.729,2305.12,5062,17584,-98,1209.399
-6920,632,51292,-642,20228,18804,2302.302,1208.814,2307.113,5285,17352,182,1209.296
-7016,652,51468,-698,20741,18164,2301.409,1208.643,2305.687,5256,17400,83,1209.141
-6916,548,52172,-692,19780,19476,2301.22,1208.866,2305.103,5260,17300,108,1209.21
-6868,524,51580,-667,20020,19636,2301.924,1208.608,2305.223,5241,17288,111,1209.416
-6888,564,51468,-668,20148,20260,2302.01,1208.591,2306.271,5259,17468,181,1209.021
-6820,536,51676,-677,20212,20741,2301.787,1208.729,2305.344,5232,17448,62,1209.107
-6816,736,51516,-691,20901,20709,2302.045,1208.729,2305.773,5243,17388,86,1209.227
-6940,636,51548,-673,20933,20581,2301.357,1208.763,2306.392,5243,17496,140,1209.244
-6804,608,51484,-681,21077,20741,2301.993,1208.729,2305.79,5266,17620,188,1209.107
-6936,616,51516,-671,21221,20917,2302.56,1208.814,2305.584,5222,17584,137,1209.261
-6988,628,51580,-703,21653,21237,2302.079,1208.625,2307.079,5274,17472,123,1209.347
-6868,680,51516,-664,22133,21077,2302.131,1208.66,2306.701,5277,17316,158,1209.175
-6856,632,51580,-655,22229,21253,2302.68,1208.643,2306.615,5199,17396,147,1209.21
-6840,552,51580,-676,21861,21045,2301.993,1208.643,2307.594,5237,17412,97,1209.261
-6880,608,51516,-670,22485,21093,2301.873,1208.746,2306.993,5218,17424,117,1209.381
-6936,604,51644,-685,22789,21253,2302.526,1208.625,2305.825,5239,17184,114,1209.227
-6748,588,51772,-672,21557,20661,2302.165,1208.849,2306.443,5253,17432,108,1209.261
-6824,484,51580,-648,21397,19940,2302.217,1208.746,2307.44,5225,17464,182,1209.381
-6864,544,51740,-659,21765,20260,2302.371,1208.832,2307.32,5261,17308,122,1209.33
-6752,628,51548,-686,21957,20597,2302.217,1208.797,2308.436,5247,17564,79,1209.381
-6840,612,51708,-669,22005,20581,2302.165,1208.746,2307.44,5250,17424,130,1209.381
-6752,592,51644,-691,22277,21093,2301.873,1208.591,2307.388,5242,17388,93,1209.278
-6828,580,51676,-644,22069,21541,2302.509,1208.729,2308.144,5240,17568,153,1209.364
-6916,552,51628,-701,22533,20901,2302.509,1208.832,2308.213,5261,17376,34,1209.261
-6940,532,51500,-684,22053,19460,2303.024,1208.591,2308.797,5250,17432,162,1209.244
-6836,472,51500,-675,21797,21429,2302.44,1208.643,2308.179,5247,17560,145,1209.794
-6916,576,51420,-706,20549,21557,2302.783,1208.608,2308.677,5235,17432,45,1209.828
-6824,732,51436,-750,21461,21653,2302.646,1208.729,2308.351,5194,17480,189,1209.931
-6968,492,51468,-688,22373,21973,2303.11,1208.694,2309.158,5226,17400,22,1209.759
-6896,548,51644,-679,22421,22197,2302.457,1208.608,2308.454,5263,17340,133,1209.605
-6832,544,51708,-695,22517,22261,2302.629,1208.711,2308.729,5215,17468,40,1209.914
-6864,592,51340,-663,21765,22277,2302.698,1208.574,2309.124,5249,17508,178,1209.381
-6872,484,51484,-690,21685,22277,2302.56,1208.522,2309.605,5260,17464,139,1209.433
-6860,540,51292,-656,21717,22629,2302.457,1208.557,2308.883,5248,17452,146,1209.296
-6804,604,51516,-676,21669,22693,2302.217,1208.488,2309.347,5221,17404,127,1209.416
-6908,444,51516,-672,21685,22741,2302.474,1208.711,2309.106,5250,17468,138,1209.502
-6848,580,51500,-705,21861,22469,2302.526,1208.746,2309.347,5264,17508,175,1209.347
-7012,452,51644,-699,21269,21269,6.030928,1208.849,2308.711,5244,17464,127,1209.227
-6916,544,51884,-681,22901,20372,6.202749,1208.625,2309.467,5199,17344,97,1209.278
-6816,560,51580,-668,22645,20116,2302.801,1208.471,2309.347,5234,17388,121,1209.175
-7068,612,51708,-692,23237,21765,2302.56,1208.591,2310.979,5239,17484,55,1209.433
-6876,544,51884,-691,23509,21973,2302.027,1208.591,2309.45,5264,17336,110,1209.21
-6808,684,51836,-669,23749,21621,2302.44,1208.591,2309.57,5270,17432,155,1209.141
-6876,492,51772,-690,23893,22277,2302.474,1208.729,2310.017,5241,17592,73,1209.227
-6764,492,51676,-686,24053,22133,2302.388,1208.574,2309.485,5252,17368,61,1209.313
-6948,648,51628,-685,23797,22389,2302.44,1208.643,2309.931,5227,17464,102,1209.141
-6840,560,51676,-666,23989,22037,2302.371,1208.78,2310.773,5230,17440,102,1209.296
-7012,684,51644,-666,24325,21957,2303.11,1208.814,2310.069,5262,17444,136,1209.192
-6864,612,51612,-733,24229,22245,2302.732,1208.78,2310.481,5277,17428,70,1209.261
-7004,644,51548,-692,24325,22613,2303.041,1208.557,2311.203,5264,17260,84,1209.124
-6888,556,50476,-702,24277,18116,2302.646,1208.643,2310.155,5155,17420,-47,1209.124
-6720,716,51212,-637,19812,21461,2302.749,1208.471,2310.464,5263,17296,194,1209.175
-6964,568,51516,-691,21525,21173,2302.835,1208.557,2311.375,5277,17388,122,1209.158
-6960,600,51324,-707,21941,22133,2301.787,1208.488,2311.392,5249,17284,98,1209.089
-6984,672,51500,-689,21685,22485,2302.079,1208.54,2310.997,5279,17408,135,1209.141
-6952,636,51644,-709,22245,22117,2302.509,1208.488,2311.495,5248,17508,94,1209.175
-7024,612,51484,-689,22837,22373,2302.749,1208.522,2310.825,5277,17464,165,1209.278
-6920,528,51564,-662,21685,22453,2303.385,1208.385,2311.34,5239,17100,28,1209.175
-7016,544,51548,-662,22245,22389,2302.577,1208.454,2311.942,5230,17520,118,1209.296
-7000,564,51388,-666,22501,21813,2302.715,1208.522,2311.821,5226,17300,87,1209.107
-6924,656,51516,-664,22597,22421,2302.886,1208.488,2311.787,5247,17340,104,1209.33
-7024,652,51388,-660,21845,21269,2302.732,1208.454,2312.543,5218,17436,104,1209.107
-6972,572,51468,-676,21941,21621,2302.509,1208.385,2312.371,5271,17416,169,1209.124
-6924,600,51548,-689,22101,22053,2303.11,1208.436,2312.491,5253,17344,159,1209.021
-6940,520,51708,-674,22229,22165,2303.316,1208.454,2313.161,5259,17276,130,1209.089
-6916,640,51484,-658,22533,22149,2302.955,1208.505,2312.371,5218,17388,140,1209.107
-6884,612,51548,-671,21397,22261,2303.625,1208.505,2312.646,5248,17424,119,1209.107
-6940,668,51628,-687,22293,22165,2303.247,1208.282,2312.835,5239,17436,136,1209.107
-6944,612,51708,-647,22613,21861,2303.196,1208.505,2311.976,5198,17396,93,1209.158
-6868,580,51788,-660,22677,21941,2303.161,1208.488,2312.457,5218,17372,68,1209.192
-6924,552,51628,-669,23125,21733,2303.436,1208.333,2313.23,5263,17364,124,1209.141
-6912,612,51820,-702,22965,22101,2303.368,1208.419,2312.577,5241,17360,113,1209.227
-6956,568,51740,-691,23221,22293,2303.729,1208.316,2312.612,5265,17488,158,1209.192
-6932,560,51724,-663,23333,22245,2303.557,1208.402,2313.488,5222,17420,131,1209.124
-6928,460,51740,-702,23557,22261,2303.144,1208.436,2313.522,5267,17412,95,1209.313
-6968,524,51564,-677,23813,22453,2304.244,1208.419,2312.766,5217,17464,100,1209.072
-6840,588,51484,-657,23557,22485,2303.66,1208.385,2313.093,5279,17372,99,1209.021
-7028,652,51772,-683,23461,18868,2303.402,1208.333,2315.052,5252,17428,238,1209.244
-6792,556,51820,-653,23461,19796,2303.952,1208.333,2313.935,5187,17328,21,1209.296
-6892,680,51932,-652,23717,19796,2303.849,1208.505,2314.278,5226,17268,92,1209.192
-7016,556,51884,-713,23909,20356,2303.814,1208.488,2313.694,5240,17324,46,1209.072
-6928,616,51708,-651,23557,20949,2304.33,1208.522,2313.9,5243,17408,87,1209.124
-7004,628,51820,-676,23957,20901,2303.866,1208.625,2314.502,5245,17444,156,1209.158
-6924,628,51916,-678,23925,20965,2304.295,1208.557,2314.313,5233,17312,123,1209.433
-6940,608,51772,-663,24053,21109,2303.986,1208.419,2314.639,5204,17520,66,1209.347
-6940,660,51756,-665,24149,21205,2305.515,1208.54,2317.045,5253,17332,88,1209.124
-7028,596,51900,-689,24261,21173,2304.536,1208.436,2314.57,5251,17368,45,1209.175
-6944,640,51836,-675,24325,21397,2304.502,1208.488,2314.553,5243,17416,172,1209.038
-7016,612,51836,-655,24325,21301,2303.832,1208.454,2315.206,5272,17460,121,1209.124
-6992,604,51772,-690,24501,21269,2303.9,1208.436,2314.794,5249,17368,72,1209.003
-6940,592,51820,-667,25126,21493,2304.811,1208.436,2315.309,5232,17204,91,1209.141
-7032,672,51740,-666,24341,21477,2304.347,1208.436,2315.498,5221,17304,98,1208.986
-6904,716,51932,-697,24838,21493,2304.742,1208.333,2315.069,5267,17364,141,1208.986
-6924,680,51772,-673,24822,21445,2305.464,1208.402,2314.742,5253,17452,135,1209.003
-7004,584,51756,-676,24726,21493,2304.725,1208.54,2316.168,5248,17372,118,1209.003
-7024,716,51820,-692,24758,21509,2304.278,1208.488,2315.533,5273,17380,137,1208.969
-6912,620,50748,-646,15379,19892,2304.742,1208.436,2315.326,5142,17428,-281,1209.124
-6896,612,51292,-658,19044,20917,2304.227,1208.436,2315.722,5197,17380,80,1209.261
-6888,500,52188,-622,21269,21285,2304.467,1208.591,2315.498,5207,17536,-48,1209.055
-6924,572,51356,-617,20565,21269,2305.017,1208.385,2315.515,5137,17312,-14,1209.038
-6876,648,52076,-702,22133,21093,2304.845,1208.402,2316.409,5337,17504,206,1208.986
-6984,612,51484,-612,21637,21333,2304.364,1208.265,2315.962,5202,17460,78,1209.003
-6876,556,51932,-698,22117,21525,2305.326,1208.299,2315.842,5255,17368,67,1208.986
-6884,584,51692,-651,22101,21845,2305.034,1208.316,2317.096,5243,17264,154,1209.021
-6824,520,51948,-671,22469,21333,2304.983,1208.333,2316.821,5250,17312,318,1208.917
-7036,636,51644,-664,22533,21509,2305.206,1208.282,2316.77,5228,17348,64,1209.021
-7012,472,51804,-679,22997,21541,2304.416,1208.265,2317.577,5248,17380,131,1209.089
-6948,608,51772,-644,22517,21397,2305.189,1208.23,2317.886,5193,17376,64,1208.952
-7008,604,51932,-680,22325,19700,2305.326,1208.454,2317.148,5289,17460,196,1209.089
-6944,620,51516,-688,22101,21253,2304.828,1208.368,2318.041,5203,17520,-52,1209.072
-6928,460,51484,-659,21045,21509,2304.175,1208.247,2317.354,5211,17400,14,1208.917
-6896,604,51708,-668,21557,21525,2304.897,1208.282,2317.165,5205,17504,28,1208.797
-6816,604,52460,-640,20741,21765,2304.622,1208.385,2318.041,5241,17432,148,1209.089
-6944,600,51836,-663,21781,22069,2305.052,1208.247,2317.732,5239,17472,125,1208.917
-6956,652,50956,-674,22981,22277,2305.429,1208.282,2318.127,5299,17472,155,1208.952
-6908,572,51772,-681,23701,22389,2304.897,1208.299,2318.969,5249,17348,103,1209.055
-7028,652,51836,-660,23845,21909,2304.897,1208.127,2317.886,5235,17508,91,1208.917
-6920,596,51772,-680,24245,22453,2305.24,1208.35,2317.251,5264,17428,136,1209.141
-6912,616,51708,-671,24293,22501,2304.794,1208.368,2316.014,5270,17412,111,1209.003
-6912,668,51820,-663,24565,22837,2304.485,1208.333,2316.117,5232,17380,79,1209.107
-6864,540,52060,-669,24918,22645,2305.653,1208.385,2319.003,5234,17536,106,1209.038
-6944,504,51900,-668,24838,22485,2305.292,1208.488,2319.656,5256,17384,122,1209.072
-6772,756,52012,-681,24678,22565,2305.395,1208.333,2318.247,5234,17436,93,1209.021
-6916,564,52092,-671,24822,23205,2306.203,1208.161,2319.639,5249,17436,29,1209.141
-6912,544,52012,-660,24806,22261,2305.515,1208.144,2320.395,5240,17376,104,1209.038
-7056,640,51916,-641,24790,22549,2305.464,1208.35,2319.261,5239,17372,79,1209.072
-6904,600,51996,-686,24838,22453,2306.117,1208.11,2320.842,5247,17408,120,1209.107
-6916,624,52028,-689,24934,22053,2305.24,1208.127,2320.378,5236,17456,102,1208.917
-6932,588,52124,-652,24806,21941,2306.752,1208.144,2319.811,5241,17304,175,1209.192
-6952,604,52028,-713,23061,22117,2305.447,1208.076,2319.209,5206,17348,-8,1209.072
-6904,592,51980,-705,23813,20917,2305.533,1208.23,2320.653,5262,17380,72,1209.072
-6816,528,51804,-716,21509,20020,2305.137,1208.179,2319.811,5275,17356,1,1208.935
-6764,632,51900,-686,22357,20452,2305.894,1208.127,2319.88,5241,17452,99,1209.003
-6876,572,51868,-693,22789,20132,2305.67,1208.282,2319.845,5269,17296,130,1209.038
-6832,592,51868,-682,23157,20276,2304.553,1208.11,2319.639,5260,17312,82,1209.003
-6820,560,51756,-660,23077,20693,2306.048,1208.161,2320.052,5258,17524,103,1208.866
-6792,576,51948,-660,22821,20052,2305.223,1208.11,2320.429,5234,17416,132,1209.038
-6936,504,51948,-717,23157,20533,2305.447,1208.093,2319.914,5257,17368,109,1209.553
-6880,588,52156,-640,23573,20965,2305.979,1208.127,2319.811,5224,17380,110,1209.055
-6880,552,52268,-680,23573,20933,2305.825,1208.144,2320.722,5229,17480,50,1209.021
-6840,524,52060,-692,23765,20965,2305.722,1208.161,2319.639,5258,17480,100,1208.9
-6928,552,52300,-676,24053,20773,2306.065,1208.23,2320.12,5258,17392,111,1208.917
-6964,576,51996,-705,24149,21029,2305.412,1208.265,2320.722,5307,17396,208,1209.399
-6924,636,51900,-664,24101,21205,2305.275,1208.265,2319.622,5237,17348,177,1208.969
-6824,612,51980,-689,23781,20485,2306.031,1208.144,2320.223,5240,17320,111,1208.952
-6892,608,52204,-644,19972,18868,2305.601,1208.196,2321.014,5255,17336,106,1209.364
-6864,416,52236,-673,20725,20068,2305.79,1208.144,2320.447,5262,17408,187,1208.9
-6856,608,52092,-659,20837,19732,2305.567,1208.23,2320.515,5250,17200,105,1208.866
-6948,608,52092,-663,20693,20228,2305.911,1208.179,2320.997,5254,17404,60,1208.969
-6928,548,52236,-666,20757,19956,2306.581,1208.265,2321.649,5273,17496,113,1208.986
-6924,552,52268,-669,20741,20324,2307.131,1208.213,2322.732,5274,17332,121,1209.072
-6828,660,52012,-667,18996,20276,2305.756,1208.144,2320.997,5253,17468,167,1209.124
-6780,520,52060,-682,19108,20116,2306.151,1208.11,2320.842,5278,17500,163,1209.072
-6808,488,51980,-688,18932,20276,2307.766,1208.093,2320.739,5235,17300,132,1209.021
-6884,560,52028,-678,18916,20725,2305.997,1208.093,2321.409,5220,17416,89,1209.33
-6908,464,51980,-702,19220,20645,2305.945,1208.007,2320.808,5279,17492,120,1208.986
-6820,628,51980,-628,18884,20228,2305.962,1208.076,2322.44,5257,17460,159,1209.003
-6828,516,52092,-677,19556,20677,2305.636,1208.076,2322.766,5216,17316,125,1208.986
-6712,580,52012,-676,19540,20901,2305.997,1208.179,2320.618,5250,17416,125,1209.124
-6800,656,51772,-651,19412,20821,2306.701,1208.041,2320.12,5237,17412,155,1209.107
-6972,596,52076,-667,19716,21013,2305.12,1208.11,2320.911,5243,17616,84,1208.986
-6876,556,52124,-683,19716,21109,2305.962,1208.127,2320.481,5250,17456,89,1208.935
-6824,536,52092,-704,19636,20933,2306.357,1208.161,2321.151,5258,17428,103,1209.072
-6768,644,52140,-649,19492,19444,2305.945,1208.024,2321.392,5236,17508,147,1208.832
-6912,588,52076,-716,20709,20853,2307.131,1208.007,2322.99,5304,17388,211,1208.986
-6924,604,51980,-647,20549,21253,2306.667,1207.938,2321.684,5238,17280,95,1209.347
-6848,552,52076,-671,20597,21669,2305.842,1208.161,2321.649,5230,17344,157,1208.969
-6828,584,52076,-697,20485,20260,2306.151,1208.058,2321.409,5269,17484,80,1208.952
-6808,616,52252,-687,19940,20885,2307.68,1208.161,2321.615,5247,17460,63,1209.055
-6908,564,52012,-664,20452,21237,2306.838,1208.144,2322.234,5248,17496,78,1208.883
-6832,584,51980,-683,19956,21333,2306.993,1208.144,2321.563,5264,17596,125,1208.883
-6940,640,52220,-690,20244,21589,2307.079,1208.265,2321.392,5198,17340,86,1208.935
-6804,548,52140,-705,21237,21365,2308.746,1208.093,2323.161,5250,17320,96,1209.089
-6908,536,52092,-701,20180,21413,2306.632,1208.265,2322.165,5218,17448,83,1209.347
-6836,572,52268,-649,20340,21733,2306.924,1208.316,2322.199,5213,17372,96,1208.9
-6864,552,51660,-663,17844,21253,2306.495,1208.247,2323.041,5280,17500,153,1209.003
-6840,560,52284,-705,21893,19796,2306.821,1208.11,2322.131,5291,17612,70,1208.78
-6960,684,52140,-683,22789,20965,2306.856,1207.921,2322.32,5263,17300,99,1208.883
-6916,604,51980,-516,18884,23093,2306.563,1208.041,2323.247,5213,17252,207,1208.969
-7076,664,52108,-673,22517,22005,2306.735,1208.041,2321.959,5225,17352,224,1209.021
-6832,596,50924,-677,19204,20853,2307.302,1208.196,2322.835,5244,17452,109,1208.832
-6624,592,51308,-639,24950,24325,2309.863,1208.11,2324.725,5194,17300,47,1208.917
-6664,540,51372,-696,25318,23781,2307.337,1208.076,2323.333,5259,17372,80,1208.969
-6676,508,51356,-669,25814,24277,2307.921,1207.921,2323.66,5269,17664,114,1208.9
-6616,592,51148,-696,26038,24934,2307.148,1208.076,2324.124,5244,17508,130,1208.952
-6716,508,51164,-702,26070,24309,2307.646,1208.093,2322.972,5257,17408,109,1208.797
-6620,512,51276,-682,26710,24565,2307.801,1208.161,2323.213,5271,17528,104,1208.78
-6596,456,51164,-705,26358,24806,2307.182,1208.23,2324.021,5249,17436,124,1208.729
-6648,580,51420,-671,27126,24181,2307.44,1208.196,2322.904,5228,17548,125,1208.9
-6636,540,51388,-678,26646,24181,2307.663,1208.213,2323.282,5253,17436,127,1208.763
-6636,564,51468,-679,26454,24389,2307.732,1208.213,2324.416,5248,17476,121,1208.78
-6608,496,51708,-758,26838,22741,2307.388,1208.11,2324.209,5378,17528,277,1208.643
-6636,596,51324,-662,26582,22757,2307.99,1208.196,2324.278,5205,17520,98,1208.625
-6572,572,51772,-661,26486,22645,2308.161,1208.23,2325.155,5243,17628,141,1208.729
-6664,536,51468,-668,26646,23349,2307.955,1208.144,2324.347,5235,17532,98,1208.746
-6580,460,51212,-665,26806,23061,2308.78,1208.041,2323.952,5243,17472,140,1208.952
-6400,456,51260,-690,26614,23205,2308.076,1208.024,2325.0,5221,17696,109,1208.797
-6604,548,51452,-650,26870,23029,2307.474,1208.282,2324.674,5248,17520,163,1208.797
-6744,492,51452,-679,26582,23157,2309.364,1208.23,2324.227,5237,17496,81,1208.78
-6672,468,51820,-664,24565,22853,2307.371,1208.368,2324.639,5261,17548,177,1208.832
-6400,536,51772,-564,25606,21061,2308.213,1208.23,2324.742,5069,17512,-244,1208.78
-6688,548,51692,-683,26230,21173,2308.282,1208.161,2324.519,5275,17624,109,1208.849
-6684,540,51628,-667,25910,21509,2307.732,1208.213,2324.914,5209,17476,91,1208.866
-6604,488,51612,-690,26614,21765,2308.385,1208.093,2324.089,5222,17504,78,1209.003
-6600,440,51468,-623,26614,22005,2309.055,1207.938,2324.192,5241,17404,189,1208.917
-6680,632,51484,-676,26454,22037,2307.972,1208.041,2325.429,5231,17412,110,1208.866
-6612,504,51516,-665,26742,22229,2307.663,1208.058,2324.399,5209,17556,81,1208.883
-6732,500,51724,-679,26374,22373,2308.729,1208.161,2325.086,5247,17596,89,1208.849
-6736,504,51708,-667,26630,22389,2307.732,1208.144,2325.429,5200,17584,42,1208.883
-6692,492,51868,-664,26518,22293,2308.247,1208.041,2325.275,5246,17508,59,1208.9
-6596,504,51964,-701,24870,22069,2309.124,1208.041,2325.103,5244,17504,88,1208.952
-6792,504,51996,-652,26006,21749,2307.904,1208.058,2325.275,5279,17648,169,1208.832
-6672,556,52012,-659,25686,21669,2308.299,1208.007,2325.189,5214,17540,75,1208.9
-6600,484,51964,-670,26198,21653,2308.625,1208.127,2324.777,5250,17592,91,1208.849
-6684,588,52076,-679,26262,21765,2307.44,1208.076,2325.773,5234,17456,85,1208.917
-6808,536,52060,-679,26166,22101,2309.502,1208.11,2325.017,5255,17528,117,1208.866
-6660,460,52028,-673,26534,22277,2309.038,1208.076,2325.172,5246,17624,123,1208.969
-6788,672,52092,-722,26374,22373,2308.351,1208.041,2325.756,5278,17560,41,1209.192
-6716,472,51916,-697,26886,22437,2310.172,5.841924,2325.773,5225,17656,-14,1209.158
-6572,416,51724,-672,26838,22581,2308.436,4.415808,2325.447,5248,17636,65,1209.072
-6600,400,51868,-673,26886,22805,2308.694,4.381443,2326.117,5245,17548,101,1208.883
-6620,484,51740,-703,26982,22789,2309.209,1208.11,2325.344,5235,17504,108,1208.849
-6684,572,52124,-662,27414,22789,2309.983,1207.818,2325.687,5226,17532,120,1208.986
-6600,440,51980,-683,27158,22789,2309.33,1208.058,2326.46,5251,17580,113,1208.986
-6672,540,52028,-690,27430,23141,2309.055,1208.041,2326.065,5239,17344,132,1208.969
-6644,436,52188,-663,27766,23221,2308.969,1208.161,2325.79,5225,17684,-61,1209.003
-6560,640,52124,-718,27798,23189,2309.003,1208.024,2326.495,5244,17464,79,1208.866
-6628,540,51820,-679,27366,23061,2309.966,1208.007,2326.031,5300,17524,186,1208.917
-6636,524,51836,-668,27862,23509,2310.275,1208.041,2325.979,5226,17584,135,1208.866
-6640,500,51964,-661,27590,23813,2310.533,1208.093,2328.213,5260,17596,113,1208.883
-6664,536,51900,-679,27190,23653,2309.347,1207.938,2326.804,5229,17380,88,1208.917
-6544,576,52060,-708,27734,23653,2311.22,1208.058,2326.495,5256,17480,85,1208.866
-6580,576,51932,-659,28054,22277,2309.227,1208.076,2326.873,5250,17596,134,1208.9
-6596,476,51772,-630,28358,22885,2310.086,1208.127,2326.598,5227,17672,120,1208.969
-6680,476,51820,-635,28791,23669,2309.931,1208.041,2326.46,5288,17388,186,1208.849
-6640,568,51756,-721,27158,23285,2310.258,1208.11,2326.959,5303,17584,114,1208.814
-6636,524,51964,-663,27622,23829,2309.416,1208.144,2326.787,5229,17452,86,1208.763
-6688,552,51996,-694,27350,23461,2310.464,1208.299,2326.649,5239,17640,107,1208.883
-6572,524,51788,-623,27318,23061,2309.295,1208.247,2327.251,5247,17660,193,1208.797
-6688,468,51964,-635,27606,23829,2310.24,1208.213,2327.01,5253,17632,118,1209.003
-6680,572,52028,-658,27398,23701,2311.34,1208.058,2326.873,5280,17476,81,1208.969
-6668,540,51980,-681,27366,23989,2311.924,1208.041,2328.179,5263,17584,128,1208.883
-6716,588,52028,-694,27030,23909,2312.062,1208.041,2327.32,5253,17564,95,1208.763
-6624,496,52156,-673,27318,23973,2311.375,1208.093,2328.23,5239,17660,98,1208.849
-6648,576,52124,-660,27286,23077,2310.618,1208.024,2328.625,5233,17592,140,1208.883
-6608,588,52348,-640,27382,23397,2310.12,1208.144,2327.337,5226,17476,255,1208.9
-6740,452,52204,-687,27622,23221,2310.206,1208.093,2327.423,5254,17612,89,1208.78
-6676,516,52252,-702,27990,23701,2309.278,1208.161,2328.127,5239,17252,98,1208.625
-6652,572,52220,-670,27910,24277,7.525773,5.601375,2328.368,5281,17660,130,1208.917
-6488,516,51980,-670,27910,24437,7.079038,6.082474,2328.488,5258,17508,132,1208.832
-6604,480,51964,-651,24501,24325,2310.395,7.285223,2327.904,5208,17560,139,1208.814
-6400,500,51724,-686,24117,24742,8.402061,5.962199,2327.663,5257,17584,92,1208.814
-6612,460,50812,-685,24565,24085,6.872852,4.707904,2329.209,5275,17696,140,1208.763
-6608,556,50780,-668,26630,24069,2312.131,1208.23,2327.99,5238,17548,233,1208.746
-6676,612,51132,-688,26406,24005,2311.323,1208.11,2327.835,5280,17624,104,1208.746
-6612,600,51228,-674,26726,24213,2311.289,1208.196,2327.543,5241,17544,108,1208.883
-6568,468,51244,-664,26838,24501,2312.698,1208.144,2328.11,5235,17556,121,1208.883
-6684,504,51516,-685,27398,24437,2311.563,1208.11,2328.849,5222,17584,91,1209.089
-6672,564,51516,-674,27686,23829,2312.594,1208.196,2328.574,5265,17528,126,1208.78
-6584,572,51516,-679,27094,24037,2312.388,1208.282,2329.313,5263,17440,119,1208.78
-6572,584,51564,-686,27894,24341,2314.089,1208.179,2328.643,5239,17532,78,1208.797
-6692,564,51676,-669,27862,23797,2313.746,1208.041,2328.625,5244,17512,120,1208.849
-6572,628,51756,-629,25622,22245,2312.491,1208.11,2328.711,5203,17596,111,1208.729
-6672,548,51660,-706,26086,22709,2311.924,1208.127,2328.11,5228,17568,179,1208.763
-6624,476,51548,-697,25622,22517,2312.663,1208.247,2327.337,5271,17388,148,1208.625
-6672,568,51644,-627,25862,22437,2312.938,1208.144,2329.416,5232,17624,137,1208.917
-6636,604,51916,-650,26086,22741,2313.419,1208.041,2328.711,5220,17432,130,1208.814
-6712,588,51740,-700,26134,23029,2314.003,1208.316,2328.866,5259,17332,252,1208.694
-6588,816,51948,-770,26134,24293,2312.234,1207.99,2329.175,4995,17228,-226,1208.729
-6632,480,51884,-677,26390,23765,2312.165,1208.144,2328.78,5318,17584,149,1208.694
-6636,508,51644,-824,26150,24037,2312.251,1208.058,2327.165,5570,17540,533,1208.797
-6520,488,51644,-677,26374,23909,2311.77,1207.938,2328.213,5247,17592,157,1208.694
-6596,532,51452,-688,25958,24517,2311.392,1208.076,2328.402,5267,17504,120,1208.9
-6608,536,51884,-652,26022,25174,2312.302,1208.23,2328.041,5239,17560,122,1208.814
-6648,560,51900,-714,26118,24838,2312.217,1208.247,2329.536,5267,17524,116,1208.883
-6400,520,51948,-678,26486,24373,2312.354,1208.041,2328.797,5247,17596,121,1208.883
-6616,528,52028,-663,26838,24934,2313.007,1208.024,2327.423,5266,17556,143,1208.883
-6660,548,52028,-659,27398,24565,2311.615,1208.144,2329.467,5228,17492,192,1208.763
-6700,660,52012,-657,27126,24549,2311.134,1208.196,2328.299,5221,17576,138,1208.883
-6724,540,52012,-683,26886,24565,2311.976,1208.11,2327.921,5236,17500,106,1208.866
-6680,436,52076,-670,27190,24934,2311.22,1208.127,2329.055,5231,17660,132,1209.038
-6680,516,52092,-676,27302,25174,2311.134,1208.144,2329.209,5217,17492,119,1208.986
-6708,516,52268,-648,27238,25302,2311.031,1208.144,2328.436,5228,17604,160,1208.763
-6692,544,51900,-665,27142,25366,2312.165,1208.007,2329.141,5256,17384,177,1208.711
-6700,620,52076,-670,27382,25254,2312.285,1208.093,2328.935,5188,17516,57,1208.78
-6620,484,51980,-666,27302,25526,2312.491,1208.058,2327.646,5275,17404,84,1208.78
-6704,548,52060,-655,27382,25334,2311.306,1208.127,2327.715,5277,17464,85,1208.814
-6400,464,51980,-682,27350,25350,2310.876,1208.127,2328.402,5243,17548,122,1208.78
-6604,524,51996,-674,27398,25286,2311.375,1208.127,2328.316,5254,17560,83,1209.003
-6672,528,52124,-627,27494,25254,2311.478,1207.887,2329.175,5217,17492,122,1208.9
-6528,584,52012,-684,27398,25190,2311.821,1208.127,2328.969,5289,17460,168,1208.711
-6736,528,51820,-681,27606,25430,2310.55,1208.076,2328.179,5223,17536,138,1208.866
-6596,604,51932,-640,27910,25606,2312.027,1208.196,2329.708,5264,17564,130,1208.832
-6400,456,51836,-698,27654,25446,2314.175,1208.007,2329.003,5252,17644,85,1208.883
-6692,572,51788,-676,27398,25510,2315.052,1208.144,2328.849,5243,17528,122,1208.797
-6640,564,51564,-677,26806,26358,2314.536,1208.058,2329.536,5247,17520,185,1208.78
-6520,576,50332,-871,23605,20517,2313.23,1208.093,2328.883,5196,17580,212,1208.832
-6660,600,50684,-633,23669,25046,2314.88,1208.093,2329.502,5203,17632,108,1208.9
-6520,532,51356,-697,25718,26118,2315.309,1208.041,2330.017,5281,17600,159,1208.866
-6572,508,51372,-673,25750,25174,2317.234,1208.127,2329.828,5256,17516,95,1208.866
-6612,604,51212,-665,26214,25174,2313.849,1208.058,2329.845,5219,17788,47,1208.849
-6544,456,51260,-684,26630,25606,2315.069,1207.99,2330.172,5259,17564,87,1208.746
-6668,524,51324,-676,26262,25702,2316.237,1208.041,2329.794,5235,17632,105,1208.797
-6648,660,51116,-676,26742,25702,2317.491,1208.007,2330.034,5234,17540,133,1208.763
-6604,524,51212,-674,27174,25910,2317.457,1208.127,2330.979,5248,17672,111,1208.917
-6648,600,51452,-665,26998,25654,2316.804,1208.127,2329.863,5217,17572,142,1208.797
-6680,520,51580,-676,26966,25894,2317.148,1208.093,2329.742,5285,17576,107,1208.883
-6648,548,51228,-675,27350,24998,2316.014,1208.041,2330.756,5265,17560,191,1208.814
-6600,532,51308,-726,27606,25350,2315.447,1208.041,2329.897,5252,17524,87,1208.797
-6624,612,51484,-697,26934,25766,2316.649,1208.179,2329.261,5263,17632,132,1208.78
-6628,496,51436,-698,27110,26262,2315.052,1208.093,2330.67,5260,17444,121,1208.797
-6596,528,50988,-653,27510,25398,2315.395,1208.213,2330.155,5233,17648,115,1208.574
-6688,588,51308,-688,27414,25270,2317.955,1208.041,2330.137,5256,17464,121,1208.729
-6596,588,51580,-714,27878,25366,2314.845,1208.058,2330.034,5257,17640,132,1208.746
-6516,476,51324,-673,27782,25830,2316.787,1208.093,2329.347,5270,17532,101,1208.729
-6564,504,50972,-685,27958,25174,2315.412,1208.058,2330.292,5212,17488,100,1208.711
-6584,548,51292,-708,28182,25046,2316.581,1208.144,2330.412,5236,17548,84,1208.66
-6536,520,51388,-654,27910,25350,2316.134,1207.973,2329.433,5226,17632,106,1208.677
-6628,556,51484,-704,27366,24822,2318.316,1207.904,2330.447,5216,17384,28,1208.866
-6672,616,51676,-720,25750,23765,2317.148,1207.955,2330.876,5233,17552,48,1208.763
-6400,508,51660,-691,26358,24085,2315.069,1208.093,2330.258,5234,17572,102,1208.694
-6640,568,51500,-708,26374,24501,2315.79,1208.144,2330.533,5263,17524,72,1208.797
-6580,448,51644,-668,26374,24437,2310.395,1208.041,2328.351,5231,17496,118,1208.849
-6636,608,51580,-641,26838,24838,2310.704,1207.99,2328.608,5243,17456,121,1208.591
-6652,552,51628,-671,27014,24694,2313.419,1208.093,2327.423,5252,17540,108,1208.625
-6704,540,51964,-679,26886,24998,2312.921,1207.955,2327.801,5256,17516,103,1208.746
-6568,504,51500,-675,26886,24950,2310.344,1207.904,2326.959,5252,17544,103,1208.746
-6600,500,51548,-681,27254,25350,2310.808,1208.024,2330.464,5239,17536,113,1208.694
-6584,540,51612,-656,26998,25430,2314.897,1208.213,2327.715,5220,17496,174,1208.969
-6592,580,51612,-672,27126,25350,2314.192,1208.041,2330.808,5235,17620,105,1209.124
-6684,516,51548,-659,27110,25606,2312.457,1208.093,2327.972,5273,17532,192,1208.66
-6708,604,51500,-699,27318,26054,2317.801,1208.076,2328.402,5244,17524,123,1208.883
-6624,644,51644,-681,27318,25494,2311.117,1208.161,2330.344,5241,17596,124,1208.746
-6544,616,51580,-671,27638,25718,2314.897,1208.076,2330.275,5225,17560,115,1208.883
-6584,432,51644,-650,27638,25446,2311.1,1207.869,2329.966,5268,17500,134,1208.746
-6548,528,51356,-702,27766,25654,2317.062,1207.887,2328.54,5244,17536,91,1208.952
-6604,476,51324,-714,27734,25606,2315.378,1208.007,2330.326,5258,17484,74,1208.849
-6580,516,51292,-641,27686,25622,2315.997,1207.99,2331.203,5244,17584,118,1208.78
-6560,452,51372,-681,27702,26070,2316.409,1207.904,2330.584,5223,17516,113,1208.694
-6584,568,51244,-688,27846,25798,2315.172,1207.938,2330.756,5249,17508,109,1208.78
-6616,588,51292,-680,28150,25798,2316.083,1208.058,2331.375,5234,17460,66,1209.107
-6572,544,51468,-695,27702,24325,2314.364,1208.076,2330.756,5229,17476,113,1209.107
-6608,532,51388,-688,27798,26118,2316.856,1208.076,2330.258,5249,17460,80,1208.917
-6608,560,51292,-677,27910,26102,2316.632,1208.076,2330.567,5263,17516,101,1208.9
-6632,540,51564,-678,27942,25702,2315.928,1208.007,2330.601,5253,17568,84,1208.849
-6568,580,51484,-655,27910,25526,2314.519,1208.144,2330.601,5228,17572,108,1208.917
-6592,492,51628,-690,28278,26070,2314.674,1207.938,2331.563,5245,17360,75,1208.746
-6692,484,51388,-671,28150,25910,2316.289,1207.955,2331.083,5267,17436,127,1208.746
-6620,484,51612,-674,27894,26134,2318.007,1207.973,2331.22,5251,17500,63,1208.591
-6640,592,51548,-666,28086,26406,2316.289,1208.058,2331.581,5227,17548,106,1208.694
-6688,516,51468,-667,28118,26214,2317.406,1208.024,2330.687,5254,17624,154,1208.677
-6700,552,51548,-653,28310,26550,2318.385,1207.955,2331.083,5239,17524,143,1208.746
-6644,604,51484,-692,28118,26406,2317.629,1207.921,2331.306,5278,17536,78,1208.711
-6548,500,51580,-654,28406,26454,2318.333,1208.007,2331.271,5237,17616,123,1208.643
-6652,564,51468,-699,28326,26630,2319.313,1207.921,2330.911,5259,17436,74,1208.677
-6648,644,51500,-694,28422,26534,2319.416,1207.835,2331.77,5263,17508,109,1208.677
-6608,588,51628,-678,28598,26630,2321.117,1208.024,2332.01,5232,17484,113,1208.746
-6560,596,51564,-685,28422,26710,2321.907,1208.041,2332.302,5253,17600,149,1208.763
-6532,528,51532,-652,28486,26838,2321.615,1208.11,2331.787,5258,17576,103,1208.66
-6668,600,51724,-698,28454,26790,2320.464,1208.076,2331.168,5228,17440,93,1208.78
-6672,472,51564,-691,28406,26742,2321.083,1208.11,2330.687,5271,17568,98,1208.746
-6592,500,51564,-669,28406,26822,2321.203,1208.11,2332.148,5252,17560,104,1208.694
-6600,520,51532,-715,27910,26886,2322.062,1208.11,2331.907,5261,17448,94,1208.849
-6540,544,51484,-659,28406,26582,2320.756,1208.041,2331.581,5240,17596,105,1208.763
-6400,512,51468,-684,28598,26678,2320.137,1207.955,2331.976,5222,17484,90,1208.78
-6732,552,51564,-721,28454,26742,2320.704,1207.973,2331.34,5275,17500,94,1208.763
-6400,492,51548,-665,28422,26454,2320.653,1207.887,2331.718,5260,17588,113,1208.814
-6692,548,51516,-669,28727,26662,2320.172,1207.835,2332.045,5234,17524,120,1208.9
-6600,644,51644,-666,28422,26566,2320.618,1207.955,2331.752,5235,17364,164,1208.849
-6616,476,51548,-675,28614,26742,2321.357,1207.973,2331.529,5235,17528,94,1208.746
-6592,540,51692,-694,28422,26614,2320.894,1207.938,2332.027,5251,17636,105,1208.832
-6576,588,51644,-638,28470,26646,2321.821,1207.921,2331.529,5231,17584,136,1208.746
-6628,536,51676,-660,28662,26886,2321.46,1207.869,2331.117,5253,17536,109,1208.66
-6680,492,51644,-715,28470,26934,2320.997,1207.973,2331.649,5256,17636,94,1208.814
-6660,544,51772,-682,28470,26662,2321.271,1207.887,2331.804,5249,17496,97,1208.729
-6684,520,51740,-701,28470,26902,2321.735,1207.938,2331.1,5249,17564,103,1208.694
-6704,520,51676,-678,28662,26838,2321.22,1208.041,2331.478,5263,17664,92,1208.883
-6696,436,51724,-669,28326,26886,2321.186,1207.973,2331.838,5234,17508,104,1208.608
-6620,568,51580,-694,28903,26774,2321.787,1207.904,2331.993,5217,17516,69,1208.574
-6660,636,51884,-657,27974,26374,2321.529,1207.835,2332.027,5245,17552,127,1208.625
-6608,576,51500,-675,27782,26550,2321.306,1207.904,2332.251,5289,17676,146,1208.643
-6688,500,51692,-695,28054,26806,2321.959,1207.801,2331.546,5268,17528,77,1208.522
-6660,556,51660,-649,28086,26694,2321.804,1207.921,2332.526,5224,17532,139,1208.763
-6616,548,51644,-689,27990,26806,2321.495,1207.818,2332.079,5235,17596,124,1208.763
-6580,564,51724,-694,28150,26886,2322.612,1207.869,2331.89,5219,17632,83,1208.677
-6652,592,51804,-657,28198,26886,2322.543,1208.11,2332.612,5246,17504,148,1208.711
-6672,584,51900,-698,28582,26870,2322.285,1207.955,2331.546,5265,17448,122,1208.711
-6744,532,51772,-689,28006,26854,2325.309,1207.921,2331.924,5225,17496,111,1208.694
-6576,548,51612,-658,28406,26790,2322.251,1207.904,2332.285,5224,17532,122,1208.832
-6608,632,51580,-656,28518,26854,2321.563,1207.887,2331.065,5227,17348,71,1208.814
-6692,564,51740,-673,28486,26886,2322.182,1207.955,2331.615,5254,17536,136,1208.917
-6576,480,51772,-690,28887,26358,2321.598,1208.007,2332.217,5227,17504,135,1208.78
-6576,540,51628,-683,28502,25974,2321.529,1207.955,2331.976,5210,17516,99,1208.677
-6588,540,51724,-684,28374,26326,2322.388,1208.024,2331.443,5223,17564,78,1208.78
-6684,564,51628,-725,28502,26342,2321.856,1207.938,2332.491,5251,17456,90,1208.763
-6724,652,51724,-710,27910,25798,2321.684,1207.852,2331.959,5220,17492,23,1208.814
-6672,496,51708,-701,27894,25846,2322.852,1207.818,2331.838,5292,17484,132,1208.763
-6576,636,51708,-686,27958,25942,2322.783,1207.732,2332.612,5255,17448,134,1208.986
-6680,600,51628,-719,27734,25926,2322.715,1207.852,2332.268,5250,17644,76,1208.78
-6516,600,51708,-676,26726,25430,2322.423,1207.887,2332.337,5266,17504,68,1208.866
-6672,520,51724,-704,26886,25638,2322.509,1207.835,2332.852,5261,17552,89,1208.883
-6576,524,51740,-640,27510,25894,2323.436,1207.766,2332.526,5220,17512,97,1208.935
-6620,596,51724,-697,28006,26294,2323.23,1207.835,2332.406,5250,17400,89,1208.677
-6608,572,51932,-670,27846,26406,2324.536,1207.801,2333.677,5250,17604,120,1209.021
-6636,544,51740,-666,27910,26326,2322.663,1207.904,2332.217,5263,17548,163,1209.055
-6564,536,51820,-678,27942,26534,2323.454,1207.938,2332.32,5250,17584,102,1208.986
-6588,576,51804,-701,28198,26294,2322.302,1207.955,2333.076,5249,17608,135,1208.952
-6604,520,51964,-678,28006,26358,2323.213,1207.938,2332.869,5243,17536,111,1208.917
-6556,552,51772,-661,27910,26230,2323.23,1207.732,2332.062,5242,17644,181,1208.797
-6612,480,51756,-679,27894,26518,2323.282,1207.973,2332.938,5251,17660,116,1208.866
-6680,592,51820,-633,28022,26678,2322.869,1207.887,2332.062,5215,17532,110,1209.021
-6400,552,51980,-713,27958,26854,2323.557,1207.955,2331.495,5254,17348,100,1208.935
-6632,612,51964,-643,27990,26678,2323.316,1207.99,2332.818,5231,17524,82,1208.917
-6636,584,51900,-662,27910,26886,2323.419,1207.99,2332.371,5260,17572,98,1208.986
-6564,548,51852,-687,28278,26902,2323.471,1207.852,2332.337,5226,17568,89,1208.883
-6624,524,51964,-649,28630,26726,2323.093,1208.024,2333.144,5206,17448,139,1208.866
-6632,576,51628,-716,28630,26886,2323.076,1207.852,2332.406,5288,17400,132,1208.797
-6680,604,51756,-641,28518,26886,2323.729,1207.835,2332.354,5202,17484,137,1208.763
-6680,576,51804,-654,28855,27366,2323.746,1207.852,2332.148,5220,17456,122,1208.866
-6612,536,51644,-675,28358,27702,2323.454,1207.852,2332.027,5214,17580,93,1208.832
-6800,552,51708,-601,27462,27654,2324.399,1207.904,2332.629,5147,17400,21,1208.643
-6668,544,51708,-662,27430,28150,2323.9,1207.973,2333.161,5211,17464,61,1208.591
-6652,664,51724,-689,27574,28422,2324.553,1207.801,2332.783,5238,17612,94,1208.711
-6692,520,51692,-671,27654,28422,2324.381,1207.869,2333.368,5256,17536,44,1208.78
-6684,556,51836,-682,27910,28262,2324.399,1207.766,2333.471,5256,17512,114,1208.832
-6624,492,51756,-676,27926,28262,2324.021,1207.766,2332.526,5233,17652,136,1208.814
-6612,528,51980,-674,28118,27398,2323.832,1207.904,2332.594,5245,17404,119,1208.832
-6564,572,52028,-637,28871,24838,2325.052,1207.852,2333.454,5194,17544,210,1208.917
-6640,572,51804,-694,28935,25446,2327.062,1207.732,2332.113,5238,17640,133,1208.917
-6600,604,51740,-637,29015,26070,2324.519,1207.921,2332.423,5224,17480,134,1208.849
-6592,520,51900,-675,29143,26038,2324.656,1207.818,2333.161,5237,17652,112,1209.003
-6620,604,51900,-668,28695,24838,2324.209,1207.99,2332.491,5246,17532,144,1208.986
-6672,636,51612,-611,28935,25430,2325.069,1207.938,2332.148,5218,17440,170,1208.814
-6700,496,51692,-650,28983,25606,2324.364,1207.921,2332.783,5211,17572,57,1208.797
-6716,572,51724,-660,29031,25622,2324.57,1207.887,2332.354,5253,17612,125,1208.694
-6676,508,51740,-664,29719,26230,2324.845,1207.938,2332.869,5193,17440,108,1208.66
-6704,452,51772,-704,29767,26886,2325.464,1207.852,2333.694,5275,17468,71,1208.677
-6632,640,49372,-642,29591,25462,2325.344,1207.783,2333.058,5249,17688,142,1208.625
-6640,564,51868,-662,29639,27350,2324.76,1207.783,2332.457,5239,17644,123,1208.729
-6576,580,51820,-668,29655,26902,2325.275,1207.835,2333.127,5249,17440,144,1208.78
-6636,564,51676,-667,29447,27350,2325.395,1207.783,2332.629,5241,17456,110,1208.814
-6600,664,51820,-696,30039,27398,2325.395,1207.783,2332.852,5227,17452,112,1208.814
-6680,580,51804,-679,29863,27366,2325.223,1207.68,2333.729,5271,17548,112,1208.866
-6588,616,51948,-650,30295,27414,2325.498,1207.801,2332.457,5207,17484,136,1208.711
-6736,548,51756,-691,29703,27398,2325.172,1207.818,2332.526,5239,17600,79,1208.763
-6600,592,51580,-672,29815,27638,2324.674,1207.835,2333.265,5248,17540,167,1209.003
-6728,500,51548,-646,30055,27398,2324.76,1207.852,2332.406,5216,17440,96,1208.866
-6720,544,51644,-696,30279,27510,2325.962,1208.024,2332.388,5246,17508,105,1208.866
-6596,584,51372,-687,30199,27574,2325.292,1207.973,2333.144,5250,17460,123,1208.917
-6652,672,51564,-674,30247,27926,2325.034,1208.024,2332.526,5246,17540,56,1208.814
-6696,652,51580,-692,30727,27254,2325.911,1207.852,2332.629,5262,17496,98,1208.814
-6768,556,51484,-654,30551,28070,2325.344,1207.904,2333.041,5251,17412,81,1208.763
-6524,548,51420,-658,30263,28230,2326.134,1207.869,2333.058,5246,17484,153,1208.729
-6608,628,51420,-692,30135,28182,2326.667,1207.904,2332.629,5232,17484,87,1208.746
-6744,556,51468,-692,30183,28630,2324.725,1207.869,2332.886,5248,17380,59,1208.694
-6400,580,51500,-670,30391,28390,2325.808,1207.783,2332.68,5227,17548,106,1208.797
-6732,616,51468,-691,30199,28150,2323.316,1207.749,2332.852,5241,17528,105,1209.141
-6672,520,51436,-674,30455,28662,2324.347,1207.904,2333.78,5236,17584,96,1208.763
-6660,532,51532,-664,30247,28454,2324.845,1207.818,2332.234,5256,17596,156,1208.711
-6664,604,51468,-681,30423,28422,2324.106,1207.698,2333.265,5268,17424,85,1208.677
-6632,648,52028,-663,30711,28326,2327.337,1207.973,2333.522,5246,17564,81,1208.986
-6696,516,51468,-688,30647,28502,2323.832,1207.801,2333.196,5251,17516,175,1209.021
-6644,524,50908,-645,29943,28278,2326.254,1207.68,2332.526,5222,17480,72,1208.9
-6620,584,51324,-674,26886,25638,2326.014,1207.766,2333.351,5261,17600,138,1208.883
-6580,480,51580,-691,27622,26214,2325.464,1207.801,2333.488,5291,17508,205,1208.832
-6672,484,51548,-664,27798,26614,2326.821,1207.629,2333.333,5227,17600,98,1208.866
-6788,616,52028,-720,28070,26630,2324.003,1207.68,2333.935,5274,17272,102,1209.021
-6596,520,52092,-690,28198,26726,2324.141,1207.698,2332.852,5226,17472,49,1209.038
-6744,524,51212,-690,28166,26902,2326.168,1207.801,2333.471,5242,17444,97,1208.849
-6660,560,51452,-670,27830,26998,2323.9,1207.698,2333.883,5260,17636,96,1209.021
-6664,616,51388,-681,28342,27142,2324.038,1207.715,2333.247,5224,17400,108,1208.986
-6668,552,51468,-676,28006,26918,2324.519,1207.732,2332.904,5243,17540,139,1208.814
-6800,524,51244,-662,27814,27110,2326.512,1207.732,2333.436,5202,17400,67,1208.797
-6664,628,51404,-660,27990,27254,2324.553,1207.783,2333.247,5256,17480,138,1208.711
-6648,528,51164,-643,27894,27126,2324.983,1207.766,2333.66,5237,17548,131,1208.797
-6676,560,51196,-648,28150,27174,2326.718,1207.766,2334.158,5225,17436,113,1209.003
-6640,548,51244,-691,28166,27334,2326.718,1207.904,2333.66,5242,17500,121,1208.797
-6616,536,51516,-665,27990,27318,2327.474,1207.766,2333.161,5248,17556,116,1208.849
-6596,556,51292,-669,27542,27398,2327.165,1207.732,2333.488,5267,17672,139,1208.814
-6608,544,51724,-693,28262,27478,2329.399,1207.801,2334.639,5247,17616,156,1208.952
-6700,564,51468,-654,28518,27734,2327.079,1207.698,2333.643,5232,17532,67,1208.917
-6752,648,51676,-683,28759,27558,2326.667,1207.749,2333.711,5242,17464,106,1208.832
-6648,528,51708,-656,29223,28727,2327.01,1207.663,2334.072,5195,17504,-61,1208.814
-6700,660,51548,-681,28630,29671,2327.612,1207.629,2333.522,5268,17524,101,1208.746
-6728,560,51308,-718,28775,29847,2327.234,1207.749,2334.76,5242,17596,39,1208.814
-6724,608,51468,-664,28679,28150,2327.766,1207.612,2333.402,5196,17460,1,1208.917
-6724,684,51676,-653,28662,28326,2327.801,1207.749,2333.436,5241,17568,118,1208.935
-6400,564,51676,-656,28919,28166,2327.886,1207.766,2333.797,5216,17516,177,1208.849
-6612,540,51660,-643,28727,28518,2327.096,1207.835,2333.488,5267,17376,151,1208.849
-6708,584,51836,-636,28903,28214,2328.024,1207.783,2334.209,5231,17496,177,1208.729
-6744,436,51484,-656,28614,27910,2327.182,1207.732,2333.574,5235,17344,164,1208.866
-6676,600,51468,-648,29143,29111,2327.904,1207.698,2333.333,5246,17696,114,1208.866
-6624,680,50924,-673,29447,29111,2328.849,1207.766,2332.835,5284,17244,119,1208.883
-6596,492,50524,-647,28983,28983,2327.955,1207.715,2334.158,5272,17536,93,1208.9
-6740,536,50524,-694,29175,28967,2327.629,1207.646,2333.368,5242,17588,71,1208.711
-6672,624,50556,-680,29095,28679,2328.471,1207.801,2333.436,5253,17536,84,1208.814
-6624,528,50652,-674,29303,29079,2328.127,1207.663,2334.227,5236,17604,125,1208.746
-6760,596,50620,-652,28951,27158,2327.629,1207.715,2333.729,5237,17560,69,1209.278
-6640,616,50988,-685,28566,27702,2328.144,1207.698,2334.038,5251,17540,115,1208.883
-6632,660,50812,-667,29047,28054,2327.526,1207.663,2334.381,5242,17512,161,1208.608
-6732,540,50716,-696,28759,28246,2327.526,1207.577,2334.124,5265,17604,146,1208.643
-6808,556,50972,-688,28855,28230,2328.282,1207.56,2333.729,5235,17424,102,1208.694
-6740,540,51212,-700,28935,28374,2327.904,1207.629,2334.364,5198,17556,51,1208.557
-6816,636,51004,-634,29239,28390,2328.093,1207.663,2334.106,5275,17440,131,1208.66
-6692,544,51388,-668,28951,28422,2328.729,1207.783,2333.436,5254,17384,200,1208.522
-6780,636,51196,-694,29047,28534,2328.935,1207.68,2334.106,5267,17504,128,1208.729
-6724,576,51260,-678,29143,28326,2329.055,1207.629,2334.209,5246,17376,63,1208.711
-6640,532,51116,-711,29111,28454,2329.639,1207.629,2334.141,5246,17584,99,1208.557
-6768,668,51196,-663,28855,28342,2329.76,1207.594,2334.175,5240,17404,170,1208.78
-6684,600,51180,-693,29047,28438,2329.622,1207.612,2334.278,5240,17432,79,1208.608
-6700,600,51228,-647,29207,28598,2330.567,1207.594,2334.055,5228,17364,144,1208.78
-6704,548,51228,-656,29143,28679,2329.674,1207.543,2334.536,5206,17460,129,1208.746
-6680,572,51340,-674,29239,28438,2329.828,1207.474,2333.711,5248,17640,113,1208.66
-6716,480,51292,-703,29143,28566,2330.997,1207.646,2334.674,5257,17532,115,1208.677
-6684,536,51260,-633,29303,28679,2330.275,1207.543,2335.412,5275,17368,214,1208.763
-6708,656,51260,-668,29399,28999,2329.948,1207.594,2334.347,5241,17584,130,1208.746
-6708,592,51356,-686,29303,28326,2330.206,1207.526,2334.089,5229,17420,85,1208.694
-6696,660,51196,-690,29079,28662,2330.155,1207.629,2334.777,5252,17416,99,1208.66
-6764,480,51452,-648,29175,28630,2330.258,1207.646,2334.364,5242,17536,119,1208.574
-6636,608,51324,-653,29223,28550,2330.55,1207.68,2334.038,5201,17632,125,1208.608
-6724,612,51164,-681,28919,28534,2330.653,1207.577,2334.966,5268,17564,89,1208.917
-6788,560,51372,-684,29223,28566,2331.375,1207.594,2334.278,5254,17564,123,1208.694
-6788,588,51196,-645,29415,28566,2331.031,1207.491,2333.694,5223,17556,155,1208.729
-6808,616,50956,-681,29623,30039,2330.292,1207.577,2334.622,5202,17444,96,1208.643
-6616,528,50908,-699,29367,28326,2330.601,1207.526,2334.209,5296,17460,159,1208.694
-6724,448,51020,-662,29607,28839,2330.876,1207.423,2333.969,5239,17640,157,1208.814
-6664,624,51068,-682,29463,28935,2330.481,1207.646,2334.691,5251,17416,146,1208.832
-6748,580,50972,-677,29543,28823,2331.117,1207.629,2334.742,5270,17404,70,1208.952
-6768,560,51068,-704,29479,28903,2331.186,1207.663,2334.811,5266,17492,44,1208.797
-6760,596,50956,-663,29719,28855,2331.134,1207.56,2335.017,5240,17624,101,1208.78
-6676,572,50988,-657,29719,28855,2330.722,1207.543,2334.124,5205,17596,144,1208.866
-6708,636,50988,-672,29447,28967,2331.048,1207.509,2334.433,5273,17488,118,1208.9
-6680,540,51164,-661,29687,29111,2331.186,1207.663,2334.691,5252,17416,147,1208.9
-6788,608,51020,-662,29799,28919,2331.581,1207.766,2334.209,5247,17564,87,1208.849
-6624,580,51036,-677,29559,29143,2331.701,1207.577,2334.656,5223,17360,41,1208.729
-6668,540,50956,-618,29655,29239,2331.083,1207.543,2334.828,5357,17468,80,1208.866
-6664,556,50908,-684,29399,28983,2331.392,1207.663,2334.536,5250,17652,135,1208.625
-6624,460,50972,-681,29367,29239,2331.667,1207.577,2334.209,5249,17528,127,1208.625
-6660,544,50828,-662,29111,29031,2331.512,1207.646,2335.017,5249,17492,94,1208.677
-6696,500,51132,-675,29543,29143,2331.581,1207.509,2334.948,5238,17436,150,1208.78
-6812,532,50988,-678,29703,29175,2332.01,1207.56,2334.88,5275,17504,196,1208.608
-6592,568,50988,-664,29543,29207,2331.873,1207.526,2336.065,5247,17580,121,1208.591
-6712,516,50988,-658,29655,29303,2332.406,1207.698,2335.481,5260,17460,132,1208.746
-6400,512,51100,-688,30551,29527,2332.543,1207.612,2335.344,5232,17420,169,1208.574
-6768,552,51068,-665,31063,30007,2332.165,1207.44,2335.997,5210,17428,23,1208.557
-6692,568,51180,-688,30743,28919,2332.371,1207.629,2335.069,5218,17376,88,1208.557
-6744,560,51388,-662,30759,28695,2332.663,1207.543,2335.017,5245,17476,75,1208.78
-6716,572,51292,-668,29927,29415,2332.749,1207.629,2335.945,5230,17664,168,1208.643
-6628,524,51420,-639,30471,29095,2332.543,1207.56,2334.88,5244,17624,175,1208.711
-6696,560,51228,-696,30999,29623,2332.646,1207.698,2335.447,5272,17444,151,1208.66
-6660,516,50172,-687,30103,29447,2332.629,1207.698,2335.739,5259,17488,203,1208.522
-6688,672,50220,-698,30183,29431,2332.955,1207.715,2335.515,5258,17412,100,1208.591
-6552,540,50300,-700,30007,29559,2333.144,1207.68,2335.515,5229,17524,109,1208.557
-6604,544,50684,-653,30055,29527,2333.522,1207.612,2335.206,5199,17504,115,1208.763
-6400,520,50732,-643,29975,29447,2333.196,1207.543,2335.464,5244,17624,132,1208.832
-6712,532,50700,-690,29959,29959,2333.763,1207.594,2334.966,5233,17540,130,1208.488
-6640,572,50812,-688,30391,29223,2333.179,1207.526,2335.945,5242,17592,123,1208.694
-6648,700,51116,-668,30823,29719,2333.161,1207.406,2335.189,5268,17408,140,1208.419
-6708,636,51564,-698,30775,29879,2332.543,1207.56,2334.674,5248,17512,39,1208.505
-6704,744,51212,-715,30631,29815,2331.615,1207.629,2335.069,5285,17604,122,1208.591
-6684,548,51292,-719,30679,30119,2331.546,1207.646,2334.57,5307,17420,257,1208.54
-6724,588,51292,-683,30679,29447,2331.787,1207.44,2334.124,5207,17604,40,1208.643
-6784,572,51484,-658,27830,26550,2331.976,1207.663,2334.845,5264,17468,216,1208.625
-6636,580,51324,-586,27958,27558,2331.804,1207.629,2334.364,5167,17548,53,1208.505
-6608,552,51100,-644,27398,28310,2332.182,1207.543,2334.502,5228,17508,181,1208.54
-6680,528,51164,-696,28166,27894,2331.77,1207.491,2335.137,5268,17488,151,1208.505
-6624,580,50956,-688,28422,28278,2331.959,1207.509,2334.742,5251,17564,-7,1208.557
-6696,544,50940,-656,28262,28438,2332.474,1207.629,2334.966,5170,17644,81,1208.454
-6776,460,51164,-658,28470,29815,2332.371,1207.526,2335.945,5233,17368,49,1208.557
-6712,628,51164,-672,28422,30055,2334.519,1207.509,2335.653,5264,17388,131,1208.608
-6688,524,50956,-701,28422,30279,2334.605,1207.543,2335.309,5260,17404,67,1209.124
-6744,476,51068,-661,28534,30199,2334.485,1207.509,2336.083,5249,17472,121,1208.591
-6652,516,50940,-665,28326,30391,2333.866,1207.526,2336.048,5239,17476,103,1208.471
-6736,584,51212,-685,28566,30327,2334.794,1207.629,2335.481,5223,17488,83,1208.557
-6756,472,51180,-647,28662,30631,2331.976,1207.56,2335.498,5232,17584,85,1208.694
-6724,652,51148,-646,28935,30519,2333.729,1207.474,2335.67,5250,17476,105,1208.505
-6680,536,51196,-686,28775,30487,2333.917,1207.543,2337.406,5227,17556,69,1208.54
-6692,624,51180,-671,28919,30119,2334.227,1207.406,2335.842,5259,17568,64,1208.436
-6780,536,51212,-650,28679,30631,2334.003,1207.509,2335.378,5228,17564,197,1208.522
-6748,552,51196,-693,28679,29959,2334.33,1207.56,2336.856,5217,17552,57,1208.471
-6708,540,51180,-683,28711,30583,2334.175,1207.354,2335.928,5123,17584,-85,1208.574
-6580,508,50908,-659,29303,30647,2334.295,1207.423,2335.859,5247,17376,119,1208.66
-6400,484,51212,-671,29351,30583,2334.725,1207.526,2335.945,5247,17612,91,1208.711
-6668,668,51132,-706,29623,30439,2334.691,1207.577,2336.271,5272,17560,97,1208.66
-6576,552,51196,-664,29559,30663,2334.433,1207.612,2336.083,5230,17656,142,1208.54
-6764,520,51164,-680,29735,30647,2334.76,1207.646,2335.842,5270,17480,200,1208.677
-6668,536,51068,-675,29671,30663,2335.361,1207.474,2336.632,5235,17608,153,1208.746
-6680,508,51148,-654,29703,30503,2334.485,1207.32,2335.79,5239,17516,156,1208.729
-6672,532,51420,-680,29863,30935,2334.347,1207.44,2335.945,5242,17552,115,1208.866
-6640,612,51356,-693,29687,30567,2332.44,1207.44,2336.392,5237,17508,79,1208.866
-6616,540,51212,-688,29943,30471,2333.986,1207.354,2335.945,5236,17520,118,1208.711
-6732,576,51196,-675,29959,29847,2333.024,1207.423,2336.821,5248,17500,121,1208.625
-6624,664,51292,-701,29943,30551,2332.68,1207.44,2336.684,5258,17440,125,1208.608
-6660,636,51260,-690,29927,30503,2333.591,1207.337,2335.618,5232,17544,78,1208.729
-6624,652,51260,-657,29991,30679,2334.966,1207.337,2335.206,5255,17616,141,1208.746
-6696,532,51388,-691,29991,30711,2335.258,1207.371,2336.443,5235,17308,115,1208.66
-6796,656,51308,-681,30455,30583,2335.326,1207.423,2334.914,5228,17424,86,1208.608
-6628,508,51116,-657,29959,30503,2335.533,1207.491,2335.361,5257,17448,126,1208.814
-6660,572,51164,-706,30119,30631,2335.429,1207.629,2335.55,5247,17416,91,1208.694
-6616,552,51324,-691,30087,30711,2335.962,1207.594,2335.911,5238,17540,101,1208.505
-6664,540,51004,-671,29975,30471,2335.206,1207.509,2336.77,5255,17412,83,1208.763
-6604,496,51180,-656,30055,30391,2335.086,1207.543,2337.818,5209,17512,117,1208.54
-6724,572,51660,-664,30311,30583,2336.048,1207.543,2336.804,5231,17520,155,1208.643
-6660,584,51244,-647,30231,30455,2336.237,1207.577,2336.873,5216,17412,80,1208.677
-6700,492,51212,-657,29959,30375,2335.997,1207.646,2337.612,5226,17412,101,1208.643
-6712,568,51356,-657,30007,30439,2334.691,1207.474,2335.498,5218,17544,208,1208.711
-6704,564,51500,-654,30199,30695,2335.773,1207.526,2336.254,5212,17608,109,1208.78
-6732,552,51452,-703,30359,30471,2335.378,1207.526,2337.285,5275,17532,150,1208.9
-6664,572,51292,-702,30183,30471,2335.722,1207.474,2336.254,5283,17464,161,1208.832
-6680,592,51212,-651,30327,30567,2334.931,1207.388,2336.254,5234,17620,126,1208.694
-6728,536,51468,-709,30471,30583,2335.464,1207.388,2336.151,5298,17528,139,1208.935
-6708,632,51436,-678,30423,30807,2335.155,1207.354,2335.687,5240,17480,181,1208.78
-6788,528,51260,-671,30311,31143,2334.364,1207.44,2336.34,5221,17636,117,1208.9
-6744,588,51324,-681,29111,28711,2335.997,1207.388,2339.45,5256,17404,167,1209.227
-6572,536,51260,-745,28855,28422,2336.168,1207.457,2336.752,5272,17512,68,1208.557
-6700,644,50988,-770,28791,29735,2335.894,1207.509,2336.478,5315,17688,156,1208.729
-6632,588,50956,-590,29015,30471,2336.134,1207.543,2337.234,5146,17372,11,1208.66
-6696,564,50876,-700,30295,30807,2336.168,1207.646,2336.426,5239,17560,-5,1208.54
-6704,556,50956,-690,30647,30055,2336.323,1207.44,2336.529,5254,17476,112,1208.746
-6516,528,50956,-666,30903,30167,2337.045,1207.543,2337.371,5236,17556,80,1208.522
-6696,572,50956,-670,31063,30167,2336.014,1207.388,2336.667,5238,17608,71,1208.677
-6732,696,50972,-681,30967,29703,2336.46,1207.44,2337.423,5139,17440,-125,1208.694
-6720,568,51068,-705,31495,29943,2335.808,1207.491,2337.543,5263,17556,107,1208.677
-6668,608,51132,-670,31287,29799,2336.151,1207.509,2336.581,5249,17496,153,1208.574
-6608,536,51068,-714,31303,29959,2336.426,1207.457,2338.488,5269,17532,47,1208.522
-6684,592,51260,-671,31287,30039,2335.876,1207.388,2337.732,5245,17512,117,1208.505
-6700,528,51164,-674,31271,30167,2336.014,1207.526,2337.423,5225,17492,0,1208.471
-6744,524,50988,-686,31479,30487,2336.89,1207.371,2338.093,5237,17584,170,1208.574
-6648,600,50812,-718,31479,30327,2336.409,1207.423,2338.041,5259,17564,164,1208.471
-6712,536,50956,-684,31671,30375,2336.357,1207.491,2337.062,5249,17552,148,1208.54
-6764,608,50908,-653,31495,30391,2337.131,1207.491,2338.247,5268,17564,168,1208.402
-6696,528,50908,-647,31719,30231,2336.409,1207.491,2338.196,5227,17636,123,1208.711
-6704,516,51004,-736,31543,30391,2336.546,1207.577,2338.093,5283,17604,62,1208.591
-6676,636,50988,-663,31735,30471,2336.546,1207.594,2337.938,5269,17544,107,1208.625
-6728,648,50972,-692,31255,30487,2336.031,1207.543,2338.368,5244,17408,100,1208.591
-6708,564,51004,-692,31607,30487,2336.203,1207.474,2337.457,5242,17404,132,1208.574
-6672,544,51180,-661,31735,30215,2336.34,1207.44,2337.234,5290,17320,201,1208.66
-6744,544,51004,-676,31799,30199,2336.237,1207.354,2337.938,5252,17560,126,1208.643
-6764,560,50972,-707,31783,30583,2336.649,1207.388,2337.354,5245,17560,82,1208.471
-6668,540,51180,-699,31847,30327,2336.718,1207.423,2338.368,5205,17604,43,1208.591
-6664,628,51244,-716,31959,30391,2336.151,1207.423,2338.265,5374,17504,387,1208.711
-6680,464,51196,-664,32007,30567,2335.945,1207.302,2338.076,5282,17496,223,1208.694
-6692,556,51004,-675,32023,30471,2336.409,1207.354,2338.196,5215,17516,53,1208.54
-6724,508,51100,-663,31943,30503,2336.323,1207.509,2338.127,5217,17512,79,1208.557
-6724,572,50956,-654,31943,30455,2336.22,1207.491,2338.247,5237,17560,131,1208.832
-6836,576,51148,-676,31319,30007,2336.632,1207.302,2338.093,5259,17400,142,1208.625
-6652,472,51020,-665,31703,30263,2336.065,1207.182,2338.385,5272,17536,177,1208.694
-6600,500,51196,-677,31719,30615,2336.048,1207.302,2337.938,5231,17464,93,1208.591
-6748,604,51212,-682,31767,30471,2336.787,1207.302,2337.938,5249,17528,123,1208.54
-6648,500,51164,-670,31719,30247,2336.34,1207.371,2338.127,5252,17432,128,1208.694
-6620,584,51116,-665,31751,30535,2336.134,1207.406,2338.213,5211,17572,64,1208.849
-6708,600,51068,-642,31911,30839,2336.89,1207.457,2338.574,5232,17596,143,1208.746
-6588,536,51148,-684,31703,30807,2336.34,1207.44,2339.209,5245,17420,115,1209.158
-6592,548,51116,-687,31575,30615,2336.46,1207.302,2338.66,5267,17564,140,1208.729
-6728,624,51212,-625,31975,30727,2336.804,1207.234,2339.33,5233,17484,149,1208.797
-6704,600,51132,-663,31847,30455,2336.22,1207.302,2338.763,5217,17504,57,1209.089
-6764,596,51132,-684,31799,30871,2336.375,1207.406,2338.265,5241,17304,94,1209.124
-6744,584,51132,-683,32039,30727,2336.907,1207.44,2340.189,5259,17456,98,1209.364
-6764,632,51164,-693,31831,30775,2336.89,1207.354,2340.378,5234,17556,95,1208.935
-6784,464,51068,-690,32055,30903,2336.546,1207.388,2339.605,5269,17512,101,1208.711
-6632,548,51308,-661,32023,30967,2337.543,1207.44,2339.897,5244,17648,89,1208.677
-6760,540,51212,-707,32007,31287,2337.68,1207.302,2340.911,5287,17320,248,1208.711
-6632,492,51100,-701,31927,31159,2337.509,1207.44,2340.412,5263,17368,72,1208.849
-6808,572,51324,-677,31991,31063,2337.835,1207.457,2338.952,5240,17512,77,1208.763
-6584,568,51212,-666,32087,31143,2337.715,1207.337,2339.57,5277,17612,123,1208.952
-6692,576,51244,-654,31783,31239,2337.474,1207.302,2339.656,5247,17512,101,1208.9
-6712,648,51212,-682,31735,31223,2337.698,1207.251,2339.364,5256,17676,135,1208.643
-6716,540,51132,-675,31847,31319,2337.113,1207.199,2340.447,5235,17552,128,1208.574
-6780,524,51212,-664,31959,31223,2337.406,1207.268,2339.553,5224,17456,99,1208.814
-6668,640,51180,-708,31815,31255,2337.406,1207.354,2340.567,5263,17676,105,1208.883
-6676,612,51388,-688,32007,31207,2337.113,1207.285,2340.739,5272,17544,179,1208.952
-6664,604,51212,-661,31991,31287,2336.667,1207.32,2339.897,5236,17504,93,1209.089
-6788,532,51212,-683,31799,31095,2337.285,1207.44,2339.57,5240,17508,130,1208.797
-6764,480,51292,-702,32007,31479,2337.062,1207.577,2340.55,5263,17544,96,1208.917
-6748,576,51356,-651,32007,31335,2337.199,1207.371,2340.395,5224,17480,128,1208.711
-6700,584,51292,-671,31879,31239,2337.577,1207.526,2339.794,5260,17468,155,1208.832
-6668,612,51180,-716,32055,31511,2337.027,1207.526,2340.464,5235,17412,75,1208.935
-6608,600,51260,-712,31799,31319,2337.131,1207.457,2340.103,5253,17556,72,1208.883
-6768,540,51468,-650,31751,29959,2338.127,1207.423,2341.649,5242,17504,78,1208.763
-6688,592,51420,-696,31591,28903,2337.474,1207.32,2341.031,5222,17572,52,1208.832
-6740,580,51452,-687,31543,29239,2337.972,1207.337,2340.567,5248,17496,113,1208.711
-6736,672,51500,-650,31527,29879,2339.038,1207.457,2339.33,5207,17440,107,1208.763
-6760,612,51468,-663,31511,29687,2338.402,1207.509,2340.052,5232,17356,152,1208.763
-6672,512,51532,-680,31319,30071,2338.969,1207.302,2338.488,5199,17508,121,1208.746
-6676,632,51276,-661,30807,30007,2337.852,1207.354,2338.66,5226,17532,87,1208.746
-6828,564,51260,-683,31991,29799,2337.354,1207.285,2339.588,5297,17696,170,1208.454
-6716,576,51132,-668,31687,30295,2337.388,1207.406,2338.265,5257,17556,109,1208.54
-6740,632,51420,-693,31735,30231,2338.161,1207.285,2339.553,5252,17544,130,1208.643
-6620,524,51164,-651,31687,30471,2338.041,1207.302,2338.522,5259,17568,148,1208.66
-6712,548,51196,-694,31975,30391,2337.543,1207.32,2337.715,5211,17384,31,1208.505
-6748,624,51068,-684,31799,30071,2338.093,1207.337,2338.814,5247,17460,119,1208.643
-6696,632,51036,-684,31847,30327,2337.56,1207.302,2338.23,5231,17452,81,1208.677
-6700,640,51212,-673,31447,30519,2338.024,1207.216,2339.038,5262,17668,144,1208.557
-6696,540,51068,-690,31751,30551,2338.436,1207.32,2339.158,5221,17372,84,1208.488
-6716,616,50956,-656,31735,30423,2337.869,1207.199,2339.175,5244,17540,138,1208.591
-6624,520,49115,-681,29975,29735,2338.213,1207.371,2338.849,5275,17456,194,1208.746
-6648,564,49452,-698,31271,30471,2338.608,1207.148,2339.038,5258,17476,124,1208.608
-6640,588,49596,-700,31191,30503,2338.179,1207.388,2339.227,5283,17604,183,1208.711
-6736,592,47227,-648,29703,28695,2339.072,1207.32,2338.917,5227,17492,137,1208.557
-6596,560,50252,-664,30263,29959,2338.917,1207.388,2337.835,5211,17448,142,1208.677
-6688,592,49932,-662,30407,30263,2337.886,1207.32,2339.57,5218,17544,152,1208.625
-6744,616,49916,-655,31111,30711,2338.058,1207.32,2338.729,5234,17492,104,1208.832
-6776,524,50236,-674,31639,30439,2338.316,1207.182,2339.57,5254,17436,121,1208.78
-6720,500,49788,-655,31511,30759,2338.9,1207.354,2339.828,5242,17440,86,1208.746
-6836,656,49932,-677,31447,30647,2338.161,1207.234,2338.574,5247,17388,86,1208.78
-6400,552,50012,-655,31543,30967,2338.935,1207.216,2338.454,5297,17600,138,1208.436
-6788,576,49676,-651,31655,30935,2338.333,1207.216,2339.811,5187,17504,-3,1208.729
-6748,528,49660,-659,31591,31143,2338.883,1207.182,2337.972,5222,17464,84,1208.711
-6748,584,49916,-677,31751,30983,2338.883,1207.32,2337.99,5228,17432,63,1208.814
-6732,648,49676,-665,31655,30791,2338.196,1207.354,2339.811,5257,17512,136,1208.66
-6660,640,49516,-650,31495,30951,2338.041,1207.148,2342.663,5242,17500,121,1208.574
-6740,520,49708,-647,31831,30983,2339.175,1207.302,2337.663,5207,17524,94,1208.729
-6700,568,49916,-688,31655,31223,2339.261,1207.148,2338.986,5242,17540,121,1208.883
-6692,668,49852,-686,31863,31127,2339.966,1207.199,2338.625,5227,17592,62,1208.832
-6588,632,49612,-672,31959,30999,2339.742,1207.251,2338.093,5277,17372,136,1208.763
-6760,592,49948,-658,31495,30999,2339.381,1207.32,2340.756,5199,17612,134,1208.917
-6628,444,49884,-704,31495,31159,2339.76,1207.302,2340.103,5260,17468,34,1208.763
-6628,524,49900,-649,31735,31495,2339.57,1207.182,2339.828,5234,17476,114,1208.952
-6660,600,49916,-701,31447,31287,2338.9,1207.216,2338.625,5235,17528,101,1208.78
-6636,528,49932,-691,31543,31319,2339.983,1207.302,2341.495,5224,17592,86,1208.9
-6668,560,49980,-625,31735,31127,2340.464,1207.199,2340.739,5229,17624,178,1208.711
-6768,612,49932,-689,31783,31271,2340.069,1207.285,2342.182,5240,17592,144,1208.832
-6728,596,48459,-669,30119,29239,2340.842,1207.165,2341.289,5241,17448,108,1208.677
-6792,624,49916,-677,31991,31495,2340.997,1207.182,2340.894,5233,17532,131,1208.471
-6756,580,49932,-649,32167,31591,2339.347,1207.268,2341.649,5223,17560,63,1208.608
-6812,636,49916,-699,32087,31271,2340.997,1207.285,2337.99,5247,17568,103,1208.625
-6784,620,50092,-665,32087,31303,2337.818,1207.285,2340.876,5252,17556,159,1208.608
-6828,680,49996,-653,32087,31319,2339.708,1207.354,2341.34,5236,17360,113,1208.591
-6912,588,49916,-676,31575,31239,2341.357,1207.32,2341.478,5242,17448,93,1208.9
-6692,508,49900,-688,31911,31495,2339.313,1207.354,2340.962,5248,17544,114,1208.883
-6700,648,49980,-660,31991,31463,2340.017,1207.406,2341.89,5249,17408,242,1208.849
-6788,600,49868,-680,32007,31495,2339.742,1207.302,2341.529,5250,17624,59,1208.625
-6860,460,49932,-656,32103,31383,2340.618,1207.285,2341.529,5247,17372,98,1208.763
-6788,552,49868,-681,32103,31479,2340.67,1207.251,2342.285,5223,17500,137,1208.883
-6748,620,49932,-681,32343,31479,2340.172,1207.285,2341.117,5255,17412,90,1208.917
-6796,552,49900,-665,32343,31479,2340.618,1207.251,2341.701,5221,17576,122,1208.917
-6700,612,49916,-676,31751,31239,2340.309,1207.251,2341.924,5231,17436,94,1208.763
-6748,504,50140,-658,32087,31319,2340.069,1207.234,2340.928,5237,17612,103,1208.574
-6728,544,49932,-652,32055,31271,2341.065,1207.113,2341.375,5225,17448,47,1208.677
-6608,612,49980,-668,32263,31351,2338.402,1207.148,2339.106,5234,17492,101,1208.54
-6704,680,49900,-684,32039,31495,2341.289,1207.148,2340.292,5225,17496,99,1208.729
-6744,608,50044,-680,32119,31079,2339.158,1207.251,2338.54,5240,17508,127,1208.574
-6684,476,50044,-687,31991,31383,2339.416,1207.234,2342.182,5262,17504,112,1208.54
-6720,596,50188,-668,32183,31479,2338.608,1207.268,2339.158,5274,17396,201,1208.591
-6696,536,50140,-675,32007,31271,2338.711,1207.251,2337.766,5234,17536,116,1208.471
-6708,560,50172,-670,32007,31351,2339.656,1207.148,2340.962,5225,17404,120,1208.488
-6684,608,50188,-659,32199,30935,2340.429,1207.216,2340.997,5241,17560,98,1208.471
-6672,584,50188,-681,32183,30903,2341.77,1207.216,2341.426,5249,17560,106,1208.591
-6784,568,50364,-647,32247,31143,2341.014,1207.337,2343.694,5235,17440,123,1208.729
-6684,628,50284,-648,32151,31143,2341.34,1207.165,2342.01,5255,17548,127,1208.832
-6724,568,50108,-673,32183,31239,2341.065,1207.113,2341.151,5250,17492,99,1208.866
-6744,652,50284,-695,32263,31063,2341.34,1207.165,2342.526,5233,17364,95,1208.797
-6776,528,50204,-688,32311,31127,2340.739,1207.182,2341.632,5252,17588,102,1208.849
-6772,480,50204,-626,32087,31127,2341.237,1207.216,2341.478,5207,17504,-13,1208.883
-6712,596,50220,-660,32007,31031,2340.808,1207.371,2341.959,5238,17412,80,1208.883
-6648,452,50012,-679,32295,31255,2340.79,1207.182,2341.701,5213,17476,81,1208.849
-6796,640,50236,-686,32519,31159,2341.443,1207.182,2341.718,5267,17412,163,1208.952
-6800,604,50220,-650,32199,31063,2341.048,1207.285,2342.783,5230,17592,115,1209.055
-6744,564,50188,-678,32247,31143,2341.323,1207.285,2341.907,5234,17600,116,1208.9
-6712,508,50188,-679,32295,31255,2341.46,1207.285,2341.22,5272,17420,143,1208.763
-6684,572,50188,-647,32183,31271,2341.563,1207.285,2342.406,5239,17524,122,1209.003
-6740,628,50284,-664,32247,31191,2341.237,1207.285,2342.44,5246,17496,100,1208.832
-6672,488,50268,-676,32007,31415,2341.752,1207.216,2342.062,5220,17444,93,1208.9
-6772,636,50252,-673,32119,31431,2341.632,1207.182,2342.869,5239,17464,84,1208.814
-6400,600,50188,-676,32279,31495,2341.254,1207.251,2341.821,5234,17560,149,1208.677
-6868,568,50252,-678,32007,31287,2341.529,1207.268,2342.354,5240,17464,98,1208.763
